id,institucion_id,domicilio_id,tipo_inmueble_id,correo1,correo2,correo3,clave_centro_trabajo,telefono1,telefono2,telefono3,paginaweb,redes_sociales,created_at,updated_at,deleted_at
1,1,14,1,planesyprogramas@ucg.edu.mx,murzua@ucg.edu.mx,NULL,NULL,36-82-05-50,36-82-05-33,NULL,http://www.ucg.edu.mx/,NULL,2019/07/30 13:34,2019/09/12 13:04,2019/10/15 00:00
2,2,689,2,rectoria@unedl.edu.mx,ces324@unedl.edu.mx,rectoria@unedl.edu.mx,14PSU0271H,3338273000,3338273002,NULL,https://www.unedl.edu.mx/portal/,"Twitter: @UnedlU YouTube: https://www.youtube.com/channel/UCb1gn6tWP-s19car8cfYwwA; Facebook: https://www.facebook.com/unedl.universidad; Instagram: https://www.instagram.com/unedl.universidad/",2019/09/02 13:00,2023/09/07 12:11
3,3,650,1,ggchalita@universidad-une.com,edelacruz@universidad-une-com,lpbautista@universidad-une.com,14PSU0319K,80000863,8000 833,8000 828,https://universidad-une.com/,"Facebook.com/UniversidadUN; Twitter: @universidadune; Instagram: une_universidad",2019/09/02 14:20,2023/09/13 09:23
4,4,20,4,marco.cuevas@jalisco.gog.mx,rogelio.barba@jalisco.gob.mx,beatriz.chavez@jalisco.gob.mx,NULL,30309446,303039417,30309486,NULL,NULL,2019/09/03 14:02,2019/09/05 16:09,2019/10/15 00:00
5,5,589,2,rosalio@centrodevalores.com,info@centrodevalores.com,alejandroluna@centrodevalores.com,14PSU0265X,38545463,38540620,38541003,https://centrodevalores.edu.mx/,-, 2019/09/04 12:41,2023/06/30 13:14
6,4,23,3,gustavo.quezadajalisco.gob.mx,beatriz.chavez@jalisco.gob.mx,beatriz.chavez@jalisco.gob.mx,-,30309446,303039486,303039486,-,-,2019/09/05 16:37,2022/08/17 13:43
7,6,24,4,Lotzy.Fonseca@formacioninternacional.mx,JulioJesus@formacioninternacional.mx,Julian@formacioninternacional.mx,NULL,3315947764,NULL,NULL,https://formacioninternacional.mx/,https://www.facebook.com/Formacion-internacional-1985728775062457/?ref=settings, 2019/09/06 12:51,2019/09/10 21:00
8,3,26,1,ggchalita@universidad-une.com,edelacruz@universidad-une.com,lpbautista@universidad-une.com,14PSU0322Y,8000 063,8000 833,8000 828,https://universidad-une.com/,"www.facebook.com/UniversidadUNE; Instagram: une_universidad; Twitter: @universidadune",2019/09/06 15:16,2022/05/31 18:14
9,86,28,2,uniazteca@hotmail.com,-,-,-,36134524,36134521,33-36-58-38-86,https://cuazteca.edu.mx/new/,www.facebook.com/universidadaztecadeguadalajara, 2019/09/06 16:25,2023/07/12 13:15
10,2,29,4,dir.academia@instituto.karencollignon.com,info@instituto.karencollingnon.com,administracion@karencollignon.com.mx,NULL,3336161559,4.43E+11,3336161559,NULL,"https://web.facebook.com/InstitutiKC/; @ikc_instituto_karen_collingnon",2019/09/09 12:54,2019/09/10 10:19,2019/10/22 10:41
11,8,30,4,dir.academica@iiad.edu.mx,mmorales@iiad.edu.mx,NULL,14PSU0372F,3336161559,3331904015, ,http://iiad.edu.mx/,"https://www.facebook.com/InstitutoIIA;IG: iiad.mx",2019/09/10 11:41,2020/09/30 11:55
12,9,31,2,subdireccion@isca.mx,coordinacionacademica@isca.mx,controlescolar@isca.mx,14PSU0316N,3318152060,33186666,NULL,http://isca.mx/,-, 2019/09/10 17:29,2023/02/07 17:21
13,1,483,1,planesyprogramas@ucg.edu.mx,murzua@ucg.edu.mx,NULL,14PSU9005T,36-82-05-50,36-82-05-33,NULL,http://www.ucg.edu.mx/,"FACEBOOK: Ucg Plantel Guadalajara",2019/09/12 13:25,2023/08/28 16:42
14,10,403,2,controlactividadesuea@hotmail.com,rectoria.uea@hotmail.com,lizperez.uea@gmail.com,14PSU0328S,3336151333,3339683881,3323833212,https://ueauniversidad.mx/,-, 2019/09/13 14:35,2021/10/15 18:52
15,5,38,4,NULL,NULL,NULL,NULL,NULL,NULL,NULL,NULL,NULL,2019/09/23 14:31,2019/10/01 15:56,2019/10/01 15:56
16,10,39,4,NULL,NULL,NULL,NULL,NULL,NULL,NULL,NULL,NULL,2019/09/24 14:37,2019/09/25 17:04,2019/09/26 00:00
17,10,40,4,universidaduea@hotmail.com,universidaduea3@hotmail.com,ueauea1@gmail.com,-,36151333,36153334,36168298,-,-,2019/09/24 14:56,2019/09/24 15:09,2019/09/26 00:00
18,10,41,4,universidaduea@hotmail.com,universidaduea3@hotmail.com,ueauea1@gmail.com,-,36151333,36151334,36168298,-,-,2019/09/24 15:17,2019/09/25 16:40,2019/09/26 00:00
19,11,43,4,NULL,NULL,NULL,NULL,36302345,36134644,NULL,http://www.universidadinnovacion.com/,NULL,2019/09/25 15:17,2019/09/30 13:37,2019/10/15 00:00
20,11,44,2,contacto@universidadinnovacion.edu.mx,sergio@universidadinnovacion.edu.mx,fongmiguel@hotmail.com,14PSU0292U,(33) 36302345,(33) 36134644,33 2390 3416,https://universidadinnovacion.edu.mx,Facebook:https://www.facebook.com/UInnovacion, 2019/09/30 13:42,2023/07/17 14:12
21,3,45,2,ggchalita@universidad-une.com,edelacruz@universidad-une.com,lpbautista@universidad-une.com,En trámite,8000 863,8000 828,8000 833,https://universidad-une.com/,"Facebook: www.facebook.com/UniversidadUNE; Instagram: une_universidad_; Twitter: @universidadune",2019/10/01 18:50,2023/02/07 17:53
22,3,654,2,ggchalita@universidad-une.com,edelacruz@universidad-une.com,lpbautista@universidad-une.com,14PSU0357N,8000 863,8000 828,8000 833,https://universidad-une.com/,"Facebook.com/UniversidadUNE; Instagram: une_universidad_; Twitter: @universidadune",2019/10/01 18:56,2023/09/01 17:55
23,3,47,4,ggchalita@universidad-une.com,edelacruz@universidad-une.com,lpbautista@universidad-une.com, 14PSU0341M,8000 863,8000 828,8000 833,https://universidad-une.com/,"Facebook.com/UniversidadUNE; Instagram: une_universidad_; Twitter: @universidadune",2019/10/02 09:46,2023/05/29 11:10
24,3,48,1,ggchalita@universidad-une.com,edelacruz@universidad-une.com,lpbautista@universidad-une.com,14PSU0342L,8000 863,8000 828,8000 833,https://universidad-une.com/,"Facebook.com/UniversidadUNE; Instagram: une_universidad_; Twitter: @universidadune",2019/10/02 09:49,2022/01/25 13:28
25,3,651,3,ggchalita@universidad-une.com,edelacruz@universidad-une.com,lpbautista@universidad-une.com,14PSU0221Z,8000 863,8000 828,8000 833,https://universidad-une.com/,"Facebook.com/UniversidadUNE; Instagram: une_universidad_; Twitter: @universidadune",2019/10/02 09:50,2022/10/05 18:09
26,3,50,2,ggchalita@universidad-une.com,edelacruz@universidad-une.com,lpbautista@universidad-une.com,En trámite,8000 863,8000 828,8000 833,https://universidad-une.com/,"Facebook.com/UniversidadUNE; Instagram: une_universidad_; Twitter: @universidadune",2019/10/02 09:53,2022/05/31 11:56
27,3,51,2,ggchalita@universidad-une.com,edelacruz@universidad-une.com,lpbautista@universidad-une.com,En trámite,8000 863,8000 828,8000 833,https://universidad-une.com/,"Facebook.com/UniversidadUNE; Instagram: une_universidad_; Twitter: @universidadune",2019/10/02 09:55,2022/08/04 12:50
28,3,660,1,ggchalita@universidad-une.com,edelacruz@universidad-une.com,lpbautista@universidad-une.com,14PSU0373E,338000 863,338000 828,338000 833,https://universidad-une.com/,"Facebook.com/UniversidadUNE; Instagram: une_universidad_; Twitter: @universidadune",2019/10/02 10:01,2023/09/05 13:52
29,3,53,1,ggchalita@universidad-une.com,edelacruz@universidad-une.com,lpbautista@universidad-une.com,14PSU0320Z,8000 863,8000 828,8000 833,https://universidad-une.com/,"Facebook.com/UniversidadUNE; Instagram: une_universidad_; Twitter: @universidadune",2019/10/02 10:03,2021/11/23 11:11
30,3,657,1,ggchalita@universidad-une.com,edelacruz@universidad-une.com,lpbautista@universidad-une.com,14PSU0353R,8000 863,8000 828,8000 833,https://universidad-une.com/,"Facebook.com/UniversidadUNE; Instagram: une_universidad_; Twitter: @universidadune",2019/10/02 10:13,2023/08/29 19:40
31,3,663,1,ggchalita@universidad-une.com,edelacruz@universidad-une.com,lpbautista@universidad-une.com,14PSU0220A,8000 863,8000 828,8000 833,https://universidad-une.com/,"Facebook.com/UniversidadUNE; Instagram: une_universidad_; Twitter: @univesidadune",2019/10/02 10:15,2023/09/05 18:03
32,3,56,2,ggchalita@universidad-une.com,edelacruz@universidad-une.com,lpbautista@universidad-une.com,14PSU0345i,8000 863,8000 828,8000 833,https://universidad-une.com/,"Facebook.com/UniversidadUNE; Instagram: une_universidad_; Twitter: @universidadune",2019/10/02 10:17,2022/05/31 12:22
33,3,57,4,ggchalita@universidad-une.com,edelacruz@universidad-une.com,lpbautista@universidad-une.com,NULL,8000 863,8000 828,8000 833,https://universidad-une.com/,"Facebook.com/UniversidadUNE; Instagram: une_universidad_; Twitter: @universidadune",2019/10/02 10:19,2022/01/28 17:14
34,13,358,2,amartinez@ucienega.edu.mx,lgalindo@ucienega.edu.mx,ldgonzalez@ucienega.edu.mx,14PSU0236B,3336133998,3336135050,3336135051,http://www.ucienega.edu.mx,"Facebook: https://www.facebook.com/UniversidadDeLaCienega/; Instragram https://www.instagram.com/ucienega/",2019/10/03 11:59,2023/08/29 11:29
35,14,626,2,rectoria@ual.edu.mx,coordinacion.directores@ual.edu.mx,mruiz@ual.edu.mx,14PSU0040Q,47777100,36147420,NULL,https://www.ual.edu.mx/,NULL,2019/10/04 12:48,2023/02/27 14:05
36,15,62,2,NULL,NULL,NULL,NULL,35-87-17-24,35-87-17-54,13-68-01-13,http://www.cakeandbake.com.mx/,NULL,2019/10/09 13:22,2019/10/10 15:21
37,16,633,2,udeogdli-210@hotmail.com,universitariosdeoccidentei210@gmail.com,agustinalva06@gmail.com,14PSU0143M,3336306000,3336301082,3336300432,https://soyudeo.com.mx/,"Facbook: https://www.facebook.com/SoyUdeO; Twitter: https://twitter.com/SoyUdeO; Instagram: https://www.instagram.com/soyudeogdl/",2019/10/10 16:04,2023/04/20 14:07
38,3,65,4,ggchalita@universidad-une.com,edelacruz@universidad-une.com,lpbautista@universidad-une.com,14psu0345i,8000 863,8000 833,8000 828,https://universidad-une.com/,"Facebook.com/UniversidadUNE; Instagram: une_universidad_; Twitter: @universidadune",2019/10/11 17:07,2019/11/06 13:54,2019/10/11 17:15
39,17,67,2,drenc1957@gmail.com,cescs_gdl@hotmail.com,irvzhajid79@hotmail.com,NULL,3338534512,3336136993,NULL,NULL,NULL,2019/10/17 15:28,2019/10/22 16:27
40,12,111,2,gaby.carral@enlaceoccidente.edu.mx,nayeli.becerra@enlaceoccidente.edu.mx,martha.perez@enlaceoccidente.edu.mx,14PSU0082P,33-36-15-69-29,33-36-16-83-55,33-26-86-49-59,http://www.enlaceoccidente.edu.mx,"http://www.facebook.com/enlaceOccidente/",2019/10/22 09:10,2022/03/08 16:53
41,2,688,1,rectoria@unedl.edu.mx,planeacion.academica@unedl.edu.mx,vicerrectoria.academica@unedl.edu.mx,14PSU0123Z,3338273000,3338257580,NULL,https://www.unedl.edu.mx/portal/,"Twitter: @UnedlU; YouTube: https://www.youtube.com/channel/UCb1gn6tWP-s19car8cfYwwA; Facebook: https://www.facebook.com/unedl.universidad; Instagram: https://www.instagram.com/unedl.universidad/",2019/10/22 10:44,2023/09/07 12:34
42,18,735,1,jsimon@edu.uag.mx,anabety_14@hotmail.com,jcsimon@hotmail.com,14MSU0028Y,3336100249,(331) 343-5819,NULL,http://www.uag.mx/,"Facebook: uag.mx; TwItter: uag_oficial; Instagram: uag_oficial",2019/10/22 12:05,2023/08/21 14:49
43,2,72,4,NULL,NULL,NULL,NULL,NULL,NULL,NULL,NULL,NULL,2019/10/22 13:35,1900/01/01 00:00,2020/06/30 15:40
44,19,704,2,info@nordicouniversitario.mx,carlos.gar@hotmail.com,pedagogia@nordicouniversitario.mx,14PSU0216O,33 36 98 30,33 36 98 30,33 36 98 30,https://nordicouniversitario.mx/,"FACEBOOK: INSTITUTO NÓRDICO; INSTAGRAM: INSTITUTO NÓRDICO UNIVERSITARIO ",2019/10/23 12:05,2023/09/05 13:41
45,20,75,4,pesa74@hotmail.com,marioalperezs@hotmail.com,sanarmando.perez74@gmail.com,14PSU0367U,3847382865,NULL,NULL,http://vancouvertala.com/,Facebook: @VancouverTala,2019/10/24 12:41,2019/10/25 09:07,2019/10/30 00:00
46,21,327,2,carmenbonag@yahoo.com.mx,mercedes_sal@hotmail.com,incipar@hotmail.com,14PSU0301L,(391)-91-7-14-69,(391)-91-7-21-89,33-21-64-95-93,www.incipar.com,Facebook: Incipar Pascual Rojas,2019/10/24 14:42,2022/06/22 08:55
47,2,79,1,rectoria@unedl.edu.mx,ces404@unedl.edu.mx,rectoria@unedl.edu.mx,14PSU0377A,3338253521,3338253871,NULL,https://www.unedl.edu.mx/portal/,"TWITTER: @UnedlU; FACEBOOK CUENTA INSTITUCIONAL: UNEDL Universidad",2019/10/24 15:32,2023/03/23 11:29
48,20,81,2,pesa74@hotmail.com,marioalperezs@hotmail.com,sanarmando.perez74@gmail.com,14PSU0367U,3847382865,NULL,NULL,www.vancouvertala.com,Facebook: @vancouvertala,2019/10/25 09:18,2019/10/25 10:02,2019/10/30 00:00
49,20,82,2,pesa74@hotmail.com,marioalperezs@hotmail.com,sanarmando.perez74@hotmail.com,14PSU0367U,3847382865,NULL,NULL,http://www.vancouvertala.com,"Facebook: Vancouver Tala; Twitter: @vancouvertala; Instagram: vancouvertala",2019/10/25 10:11,2019/10/30 14:17,2019/10/30 00:00
50,20,83,2,pesa74@hotmail.com,marioalperezs@hotmail.com,sanarmando.perez74@gmail.com,14PSU0367U,3847382865,NULL,NULL,http://www.vancouvertala.com,"Facebook: Vancouver Tala; Twitter: @vancouvertala; Instagram: vancouvertala",2019/10/25 10:20,2023/02/27 21:34
51,22,85,3,wmur@hotmail.com,controliveitlaq@gmail.com,udn.titulacion@gmail.com,14PSU0325V,3322652938,3322652941,3322652939,https://www.udn.mx/,facebook: UDN Tlaquepaque,2019/10/29 13:55,2023/03/28 14:44
52,23,438,1,icmluisita@gmail.com,josrarco06@gmail.com,controlescolar@icmarialuisa.edu.mx,14PSU0291V,(391) 917 4225,NULL,NULL,NULL,https://www.facebook.com/icm.luisita,2019/10/30 13:21,2021/10/05 20:01
53,24,88,4,violetacarrillo@instamerica.edu.mx,NULL,NULL,NULL,33-36-13-25-55,33-36-62-73-58,NULL,http://www.instamerica.edu.mx/,NULL,2019/10/31 11:26,2019/11/15 13:11
54,25,90,2,imep@imep.edu.mx,juanpizano@imep.edu.mx,perusquia@imep.edu.mx,14PSU0164Z,33 36 56 45 14,33 36 33 00 61,NULL,http://www.imep.edu.mx,Facebook IMEP Jalisco - Instituto Mexicano de Estudios Pedagógicos A C,2019/11/01 11:32,2023/07/26 12:50
55,26,668,2,eespinosa@uve.edu.mx,respinosa@uve.edu.mx,eespinosa@uve.edu.mx,14MSU0245M,3336584839,3336583948,NULL,http://www.uve.edu.mx,@Universidad.Virtual.UVE,2019/11/01 12:13,2022/12/13 07:33
56,27,737,2,cappza@hotmail.com,claudia.delfin21@gmail.com,rodrigo.cano.guzman@gmail.com,14PSU0299N,(01341)4131355,3414390693,3414390909,http://cappza.com/centroeducativosuperior/,Centro Educativo Superior de Zapotlán (CESZ),2019/11/06 16:11,2023/09/04 11:40
57,28,718,2,se_kintu@outlook.com,institutokintu@gmail.com,ceciliaalvareztorres@yahoo.com.mx,14PSU0282N,33-33-35-45-82,33-37-00-12-91,33-10-48-02-96,http://kintu.mx/,"Instituto kintu gdl Dra. Cecilia Alvarez Torres; Programa de Acompañamiento Humano",2019/11/07 11:04,2023/08/18 11:20
58,29,96,2,bertha.reyes@uvas.edu.mx,sreyes@uvas.edu.mx,rectoria@uvas.edu.mx,1PSU0304I,(475)9532424,(449)9180866,NULL,www.uvas.edu.mx,NULL,2019/11/07 14:11,2022/03/03 14:30
59,29,97,4,NULL,NULL,NULL,NULL,NULL,NULL,NULL,NULL,NULL,2019/11/07 14:18,1900/01/01 00:00,2019/11/07 14:18
60,30,299,2,imaginar_t@hotmail.com,academico@ciind.edu.mx,administracion@ciind.edu.mx,14PSU0337Z,(33) 3123 1419,(33) 31232324,(33)23039505,http://ciind.edu.mx,@ciindimaginarte,2019/11/11 12:27,2022/12/05 10:33
61,14,681,3,rectoria@ual.edu.mx,vicerrectoria@ual.edu.mx,lulagrea@hotmail.com,14PSU0175E,47777100 ext(1001;1014 ;1018),NULL,NULL,NULL,NULL,2019/11/11 16:07,2022/11/30 14:46
62,31,103,2,umsigloxxi@gmail.com,kityn_02@hotmail.com,ceciaurecastro@hotmail.com,14PSUO187J,39-29-23-17-42,NULL,NULL,NULL,NULL,2019/11/12 13:39,2022/11/04 11:41
63,32,105,2,eddi_1369@hotmail.com,adriandelpozo@hotmail.com,memo2809@hotmail.com,14PSU0298O,35630661,35620357,35620358,NULL,NULL,2019/11/13 10:12,2023/05/29 12:42
64,33,107,1,irving@uartesdigitales.edu.mx,knavarro@uartesdigitales.edu.mx,jaguinaga@uartesdigitales.edu.mx,14PSU0171I,0133 36282420 EXT(1050),33 13844350,NULL,NULL,"http://facebook.com/UniversidaddeAr; tesDigitales",2019/11/14 09:21,2023/07/22 10:05
65,34,112,1,NULL,NULL,NULL,NULL,33 1543 2800,NULL,NULL,https://sicyt.jalisco.gob.mx/,"Facebook: https://www.facebook.com/GobiernoJalisco/?fref=ts; Twitter: https://twitter.com/GobiernoJalisco; Youtube: https://www.youtube.com/channel/UCQBDDUradzK_8kVbLHvzVeg",2019/11/21 11:13,2023/08/07 11:10
66,29,115,1,julio.reyes@uvas.edu.mx,bertha.reyes@uvas.edu.mx,sreyes@uvas.edu.mx,14PSU0304I,475-953-24-24,NULL,NULL,http://www.uvas.edu.mx/,Facebook: Universidad Villasunción; Campus Encarnación de Díaz.,2019/11/26 11:31,2022/03/04 14:56
67,36,116,2,udp.enlace@gmail.com,clara.udp@gmail.com,udpcalificaciones@gmail.com,14PSU0387H,3320789769,3338153499,3327121102,https://www.miudp.com/,Universidad del Pacifico ,2019/11/26 12:44,2021/02/02 15:52
68,37,118,2,dolores.ledesma@etta.edu.mx,salgome@hotmail.com,madol_ledesma@hotmail.com,14PSU0434B,3326085349,33-36-15-40-08,3310204053,https://esci.edu.mx/,"facebook  etta esci oficial; pagina Internet https://esci.edu.mx/",2019/11/26 18:08,2023/03/01 13:09
69,39,119,4,cep.licenciaturas@gmail.com,tepa_yesus@hotmail.com,gusa07@hotmail.com,14PSU0408D,33-12-03-05-55,33-13-40-99-18,NULL,http://www.cuep.mx,"https://www.facebook.com/CEPBISOFICIAL/; https://www.facebook.com/prepaCEP/",2019/11/27 13:49,2023/02/15 16:32
70,40,121,1,dcoronadop@yahoo.com.mx,mapahdez@hotmail.com,claudia.cudem@yahoo.com,NULL,33-42-30-00,3317800324,3317801999,http://universidadcudem.com.mx,Facebook: Universidad Cudem,2019/11/28 12:20,2020/01/30 12:31
71,42,127,1,sub_dir@campusoctaviopaz.com.mx,direccion@campusoctaviopaz.com.mx,rectoria@campusoctaviopaz.com.mx,NULL,01-376-106-1623,01-376-766-2252,01-376-106-0859,www.campusoctaviopaz.edu.mx,FACEBOOK CAMPUS UNIVERSITARIO OCTAVIO PAZ,2019/12/03 12:29,2020/02/14 10:45
72,10,128,2,controlactividadesuea@gmail.com,rectoria.uea@hotmail.com,lizperez.uea@gmail.com,14PSU0329R,3336151333,3339683881,NULL,https://ueauniversidad.mx/,NULL,2019/12/04 10:01,2021/10/15 19:07
73,185,676,2,diana.alvarez@era21.com,equinonez@hotmail.com,ucvaldez@hotmail.com,14PSU0267V,3336580834,3338085345,3338085111,https://www.unisite.mx/,"Facebook: Universidad Unisite; email: informes.unisite@gmail.com; whatsap: 3312317323",2019/12/04 11:32,2023/09/01 15:06
74,44,131,1,academia@notariosjalisco.com.mx,formacion@notariosjalisco.com.mx,colegio@notariosjalisco.com.mx,NULL,33-38-82-10-80,33-35-15-30-10,NULL,http://notariosjalisco.com.mx/,NULL,2019/12/04 16:06,2019/12/12 16:10
75,41,133,1,gilponcetala@gmail.com,tecyprofesionistasedu.virtual@gmail.com,opg2611@gmail.com,14PSU0418K,3310386754,3861128903,3326379114,http://www.cevvi.com.mx/,"Facebook: Centro Educativo Valles Virtual; Instagram: Centro Educativo Valles Virtual",2019/12/05 15:31,2023/03/08 11:55
76,45,727,2,juanjtamayo@colegiogastronomico.com,coordinacionacademica@colegiogastronomico.com,control.escolar@colegiogastronomico.com,14PSU0129T,33 36 0795,33 3630 0794,NULL,http://www.colegiogastronomico.com/,"https://www.facebook.com/ColegioGastronomicoInternacional/; ",2019/12/10 11:09,2023/07/31 12:45
77,47,137,2,ohernandez@telexmart.com,ghernandez@telexmart.com,NULL,14PSU0411R,3322828262,NULL,NULL,https://www.cmsvirtual.mx,NULL,2019/12/17 10:18,2021/10/12 10:08
78,48,142,4,lagos.licenciaturas.celeg@gmail.com,celeg_lagos@hotmail.com,celeg.licenciaturas2012@gmail.com,14PSU0287I,47-44-03-23-13,474-74-2-14-61,NULL,www.leandroguerravirtual.com.mx,"https://www.facebook.com/celeg.lagos; ",2019/12/17 17:12,2023/04/17 13:32
79,49,148,2,tepa.licenciaturas.ceao@gmail.com,tepa_yesus@hotmail.com,tepa.licenciaturas.ceao@gmail.com,14PSU0416M,378 781 3492,378 109 1957,378 109 1957,http://www.ceunogdl.com.mx,"Facebook: ceao tepatitlan; ",2019/12/29 17:09,2023/01/06 16:46
80,7,149,2,uniazteca@hotmail.com,charlylopez7684@gmail.com,NULL,14PSU0340N,(33) 3658-3886,NULL,NULL,https://cuazteca.edu.mx/new/,NULL,2020/01/02 09:37,2023/05/03 13:55
81,50,417,2,licenciaturasui@gmail.com,rosy.escobedo.gonzalez@gmail.com,adolfo.magana@ui.com.mx,14PSU0347G,33-13-93-34-15,33-13-93-34-12,33-38-25-02-22,NULL,NULL,2020/01/08 12:20,2021/09/14 15:09,2021/09/29 12:00
82,51,152,2,controlescolar@itec.edu.mx,direccion@itec.edu.mx,contacto@itec.edu.mx,14PSU0211T,33-44-44-21-89,33-20-21-71-04,33-32-80-08-05,https://www.itec.edu.mx/,"https://www.facebook.com/itecmx; https://twitter.com/iTECUniversidad; https://www.instagram.com/itec_universidad/",2020/01/08 13:38,2023/07/13 14:21
83,32,154,2,memo2809@hotmail.com,eddl_1369@hotmail.com,adriandelpozo@hotmail.com,NULL,33585115,12002987,NULL,NULL,NULL,2020/01/10 10:23,2020/01/15 11:06,2021/09/30 22:19
84,32,155,4,NULL,NULL,NULL,NULL,NULL,NULL,NULL,NULL,NULL,2020/01/10 10:23,1900/01/01 00:00,2020/01/10 10:31
85,52,158,4,coordinacionacademica@idej.edu.mx,contacto@idej.edu.mx,NULL,14PSU0166X,3338232535,3338544315,3312469288,https://idej.edu.mx/,"IDEJ Instituto de Altos Estudios Jurídicos de Jalisco; @idejguadalajara; @idejgdl",2020/01/13 14:11,2020/01/14 18:54
86,53,159,2,c.general.gdl@cmuch.edu.mx,asistentecdguadalajara@cmuch.edu.mx,V.investigacion@cmuch.edu.mx,NULL,3323059800,3323059799,3330145196,https://www.cmuch.edu.mx/,"Facebook: CMUCH; Instagram: CMUCH_Oficial",2020/01/13 17:14,2020/12/11 12:52
87,54,160,2,edgarpalomaress@gmail.com,ipced.gdl@gmail.com,edgar@ipced.mx,NULL,3338254376,3335070666,3322212121,https://www.ipced.mx/,Facebook: https://es-la.facebook.com/InstitutoIPCED/,2020/01/14 10:24,2021/12/30 17:10
88,55,249,4,director.guadalajara@cleu.edu.mx,subdirector.guadalajara@cleu.edu.mx,posgrado.guadalajara@cleu.edu.mx,14PSU0122Z,3.34E+12,36137027,NULL,https://www.cleu.edu.mx/Campus/CampusGuadalajara/?edu=Licienciaturas,"Facebook:  Cleu Guadalajara; Instagram: Cleu Guadalajara",2020/01/14 15:55,2023/06/06 14:32
89,56,166,1,enriquenn@gmail.com,agracia@unisan.edu.mx,jandrade@unisan.edu.mx,14PSU0279Z,(33)-38-12-54-15,(33)-36-47-32-17,(33)-36-47-3217,https://unisant.edu.mx/,NULL,2020/01/15 11:03,2023/09/11 17:52
90,57,168,2,presidencia@cicej.mx,generencia@cicej.mx,direccioncap@outlook.es,NULL,33 3826 3341,NULL,NULL,https://cicej.net/index.html,"Facebook: Colegio de Ingenieros Civiles del Estado de Jalisco A.C. - CICEJ; Twitter: @cicej; Instagram: @cicej_",2020/01/15 13:15,2020/01/16 10:26
91,58,278,2,coord.posgrados@unives.mx,dcastellanos@unives.mx,ros.estrada@unives.mx,14PSU0044M,3336161540,3336161544,NULL,http://www.unives.mx,"https://es-la.facebook.com/UnivesEnLinea/; https://www.instagram.com/univesenlinea/; https://www.youtube.com/channel/UC--geUDbi8ZE5Hn1O4NKJBA",2020/01/15 14:17,2023/09/11 11:25
92,59,173,2,direcciongeneral@cucc.edu.mx,mariozendejas@hotmail.com,fgonzalez@cucc.edu.mx,NULL,3333436666,3338258090,NULL,http://www.cucc.edu.mx,www.facebook.com/utezauniversidad,2020/01/15 18:45,2020/03/20 11:47
93,60,492,2,omar.amador@cmpnl.mx,juan_francisco@cmpnl.mx,no-reply@cmpnl.mx,14PSU0012U,33 3615 3464,NULL,NULL,http://www.cmpnl.mx,"https://www.facebook.com/CMPNL/; https://www.instagram/CMPNL/",2020/01/16 13:42,2022/08/05 13:41
94,61,176,1,plataformaescolar@iapjalisco.org.mx,ausencio01@yahoo.com.mx,gomezalcantarv@hotmail.com,14PSU0225W,33 3650 0192 ,33 36 50 3492,3336503492,http://www.iapjalisco.org.mx/,"www.facebook.com/iapej; www.twitter.com/iapej_oficial ",2020/01/16 17:29,2022/12/05 12:06
95,13,348,2,amartinez@ucienega.edu.mx,lgalindo@ucienega.edu.mx,aangel@ucieenga.edu.mx,14PSU0206H,3336135050,NULL,NULL,http://www.ucienega.edu.mx,"Facebook: https://www.facebook.com/UniversidadDeLaCienega/; Instragram:https://www.instagram.com/ucienega/",2020/01/21 15:48,2021/11/03 11:13
96,62,183,2,equinonez@era21.com.mx,equinonez@astergdl.mx,olivares@era21.com.mx,NULL,36-58-08-34,36-79-17-30,NULL,https://www.unisite.mx/,NULL,2020/01/23 16:28,2020/01/29 15:18
97,63,185,4,torresandradederecho@hotmail.com,licandradesegura@hotmail.com,alma_carbajalv@hotmail.com,14PSU0217N,33-36-13-21-74,331-442-6900,33-13-38-82-95,https://cutorresandrade.com.mx/,"Facebook: Universidad Torres Andrade; Instagram: Universidad Torres Andrade",2020/01/28 10:28,2020/01/28 15:46
98,63,187,4,torresandradederecho@hotmail.com,equinonez@astergdl.mx,alma_carbajalv@hotmail.com,14PSU0034F,33-36-13-21-74,331-442-6900,33-13-38-82-95,https://cutorresandrade.com.mx/,"Facebook: Universidad Torres Andrade; Instagram: Universidad Torres Andrade",2020/01/28 11:18,2020/01/28 15:22
99,64,188,2,aristeo.mora@jalisco.gob.mx,licenciaturaenartesscj@gmail.com,informeslicenciaturaenartes@gmail.com,14OSU0004M,3331620033,36681641,NULL,https://sc.jalisco.gob.mx/,Facebook Escuela de Artes Jalisco ,2020/02/04 11:15,2022/06/23 13:47
100,65,583,1,direccionejecutiva@ccpg.org.mx,controlescolar@ccpg.org.mx,coordinacion@ccpg.org.mx,14PSU0089I,(33)36297445,(33)36297452,(33)36297452 ,http://ccpg.org.mx/contadores/,"https://www.facebook.com/CCPGJ; https://twitter.com/CCPGuadalajara; https://www.instagram.com/ccpgj/",2020/02/07 13:18,2023/04/17 12:09
101,66,192,3,informes@immae.net,abelardoguzman@mac.com,veronica.gonzalez@immae.net,14PSU0222Z,33-36-41-46-85,33-36-41-73-89,33 2495 2795,http://www.immae.net/,Facebook: @Immae,2020/02/11 11:01,2023/05/25 16:40,2023/05/25 16:40
102,13,354,2,amartinez@ucienega.edu.mx,lgalindo@ucienega.edu.mx,NULL,14PSU0262Z,3919212058,3336135050,3336135051,http://www.ucienega.edu.mx,"Facebook: https://www.facebook.com/UniversidadDeLaCienega/; Instagram: https://www.instagram.com/ucienega/",2020/02/11 15:07,2022/07/19 12:01
103,13,361,2,amartinez@ucienega.edu.mx,lgalindo@ucienega.edu.mx,NULL,14PSU0130I,3336135050,3336135051,NULL,http://www.ucienega.edu.mx,"Facebook: https://www.facebook.com/UniversidadDeLaCienega/; Instagram: https://www.instagram.com/ucienega/",2020/02/11 15:14,2021/10/26 15:37
104,67,376,2,ceib@alestra.net.mx,terepedrozag@hotmail.com,manuel.ocampo.ponce@hotmail.com,14PSU0176D,33 3615-1815,NULL,NULL,https://ceibmx.com/,NULL,2020/02/17 11:42,2021/08/09 12:59
105,68,198,4,italia.figueroa@gmail.com,lgpfblumen@gmail.com,infoimexat@gmail.com,NULL,31-46-33-97,36-42-86-96,NULL,https://imexat.com/,Facebook- @Instituto Mexicano de Análisis Tributario,2020/02/20 12:40,2020/02/20 12:49
106,18,200,1,dsescolares@edu.uag.mx,jcsimon@hotmail.com,anabety_14@hotmail.com,14PSU0350U ,3336100249,3313435819,3310715741,http://www.uag.mx/,"Facebook: uag.mx; TwItter: uag_oficial; Instagram: uag_oficial",2020/02/25 15:54,2022/12/16 13:15
107,70,201,3,controlescolar@institutodembanuelos.edu.mx,dra.monica@institutodembanuelos.edu.mx,dreugeniorazo@institutodembanuelos.edu.mx,14PSU0354Q,36151526,12025122,36158146,http://www.institutodembanuelos.edu.mx, Facebook: Instituto Banuelos,2020/03/06 16:04,2023/06/13 14:44
108,71,203,4,antonio@cesalud.mx,controlescolar@cesalud.mx,elvirapergo@hotmail.com,14PSU0415N,36-16-00-81,33-18-63-30-92,33-22168885,https://cesalud.mx,"Facebook: cesmexico; Instagram: cesmexico ",2020/03/10 14:53,2023/06/22 14:44
109,72,205,2,direccion@cantares.com.mx,direccion@cantares.edu.mx,cantaresrp@cantares.com.mx,14PSU0356O,33-33-67-20-19,33-36-15-92-43,3339567204,https://cantares.com.mx/site/,"Facebook: @CantaresAcademiasdeMusicayCanto; Instagram: Cantaresacademias; Twitter: @cantaresmyc; Youtube: Cantares Academias",2020/03/11 11:03,2022/05/09 12:15
110,73,207,2,academicounc@yahoo.com,escolar@somosunc.com,berthadeanda3@hotmail.com,14PSU0427S,378 781 4161,13787823187,NULL,https://www.somos.unc.com,"",2020/03/12 15:58,2023/08/19 12:38
111,74,209,1,directorgeneral@imedental.com,controlescolar@imedental.com,coordinacionclinica@imedental.com,14PSU0380O,33 2471 0553,33 2471 0554,NULL,http://imedental.com/,"Facbeook: @IMEDacademia",2020/03/13 10:25,2020/06/25 11:31
112,49,213,2,ceunopedromoreno633@gmail.com,miguelrodrigocruz@gmail.com,NULL,14PSU0382M,33 3613 3721,33 3614 0614,NULL,http://www.ceunovirtual.com.mx/,pagina de Facebook Ceuno,2020/03/16 10:53,2020/11/17 10:38
113,76,214,2,control.escolar@edithmartin.com.mx,info@edithmartin.com.mx,claudialp73@hotmail.com,14PSU0186K,33-38-25-55-25,33-38-25-70-76,NULL,https://edithmartin.com.mx/,"Facebook: CSM Edith Martin; Instagram: csm.edith.martin",2020/03/17 10:41,2021/10/06 13:55
114,75,723,2,roberto@uteg.edu.mx,rquintero@uteg.edu.mx,revoe@uteg.edu.mx,14PSU0168V,33 1078 8000 ext. 138,3320553262,NULL,https://www.uteg.edu.mx/,"Facebook: https://www.facebook.com/UtegOficial; Instagram: https://www.instagram.com/utegoficial/?hl=es; Tik tok: https://www.tiktok.com/@utegoficial?lang=es; LinkedIN: https://mx.linkedin.com/company/centro-universitario-uteg",2020/03/17 12:18,2023/08/14 12:51
115,79,218,2,esmeralda.correa@academico.udg.mx,esme.correa@gmail.com,esme.aecc@gmail.com,14MSU0321B,33-12-97-65-30,31-11-66-08-87,NULL,https://www.ciies.edu.mx,"Facebook:CIIES",2020/03/20 10:22,2022/03/13 10:36
116,80,693,2,amuro@solfeggio528.com,NULL,NULL,CT14PSU0278A,33313659,3310704237,NULL,https://www.solfeggio528.com/,"https://www.facebook.com/528solfeggio/; @solfeggio528",2020/05/28 10:25,2023/07/26 10:52
117,81,224,4,cres_estipac@hotmail.com,madredoloresmp@gmail.com,relacionespublicas@cresestipac.edu.mx,NULL,377 77 402 57,377 77 402 85,377 77 410 10,NULL,NULL,2020/05/28 11:11,2020/06/08 19:22
118,75,227,1,joseroque@uteg.edu.mx,sara.juarez@uteg.edu.mx,revoe@uteg.edu.mx,14PSU0293T ,(33) 38-98-87-00,NULL,NULL,https://www.uteg.edu.mx/,NULL,2020/05/29 13:25,2022/12/02 17:04
119,86,229,2,uniazteca@hotmail.com,cuaazteca@hotmail.com,pedagogia_laura@hotmail.com,NULL,3614-47-28,3658-38-86,NULL,https://cuazteca.edu.mx/new/,NULL,2020/06/19 13:12,2023/04/28 12:32
120,82,230,1,jefatura.cescolar@umg.edu.mx,NULL,desarrollo.academico@umg.edu.mx,14PSU0094U,33 35 40 39 00,33 35 40 39 39,NULL,http://www.umg.edu.mx,NULL,2020/06/19 13:50,2023/05/24 11:40
121,83,231,1,mrodriguezt@lamar.edu.mx,larah@lamar.edu.mx,blopezc@lamar.edu.mx,NULL,31223592,NULL,NULL,https://lamar.mx/, ,2020/06/23 10:32,2020/07/29 15:12
122,84,233,2,perezromero@uniso.edu.mx,direccionacademica@uniso.edu.mx,admonescolar@uniso.edu.mx,14PSU0181P,3338275445,3338275446,3338275446,https://www.uniso.edu.mx/,"https://www.facebook.com/UNISOXXI/; https://twitter.com/UniversidadSXXI; https://www.instagram.com/unisocomunidad/",2020/06/23 12:22,2023/09/15 14:48
123,85,234,4,charlylopez7684@gmail.com,uniazteca@hotmail.com,NULL,NULL,336583886,3310256765,NULL,https://cuazteca.edu.mx,NULL,2020/06/24 11:11,2023/07/12 15:14
124,87,330,2,osejetica@hotmail.com,correduria3correduria3@gmail.com,mary.mendez@gmail.com,14PSU0290W,(33) 38170388,(33) 17350186,NULL,https://colegio-de-bioetica-y-terapia-de-jalisco-a-c.ueniweb.com/?utm_campaign=gmb,NULL,2020/07/14 10:47,2021/09/29 22:24
125,90,240,4,ABITIA@FECIAR.ORG,CONTROLESCOLAR@FECIAR.ORG,NULL,14PSU0392T,3315275018,NULL,NULL,NULL,NULL,2020/07/22 15:29,1900/01/01 00:00,2020/07/22 15:31
126,36,241,4,udp.enlace@gmail.com,azjemm@gmail.com,NULL,14PSU0387H,3327121102,3327121103,NULL,https://www.miudp.com/,FB: Universidad del Pacifico,2020/07/24 13:11,1900/01/01 00:00,2020/07/24 13:15
127,92,245,1,posgrado@alinnco.mx,contacto@alinnco.mx,direcccion.general@alinnco.mx,NULL,30300912,20200947,NULL,https://www.alinnco.mx,NULL,2020/08/11 13:54,2020/09/25 12:11
128,36,250,4,udp.enlace@gmail.com,mercadotecnia.udp@gmail.com,azjemm@gmail.com,14PSU0387H,3323847400,3327121103,3327121102,https://www.miudp.com/,"@UniversidaddelPacificomx",2020/08/24 15:18,2020/09/08 12:57
129,90,251,2,abitia@feciar.org,controlescolar@feciar.org,abitia@feciar.org,14PSU0313Q,3315275018,3311266372,NULL,https://www.feciar.org/,www.feciar.org,2020/09/02 11:14,2021/11/03 10:59
130,94,252,1,coordinacioninstitutosiloe@gmail.com,NULL,NULL,14PSU0239Z,37705018,NULL,NULL,https://isjcs.org/login/index.php,NULL,2020/09/14 11:15,2020/11/13 10:32
131,98,257,4,controlescolar@jaltepec.edu.mx,wgaspar@jaltepec.edu.mx,g_canepa@jaltepec.edu.mx,14PUT0002C,3877631781,33 2339 9263,NULL,http://www.jaltepec.edu.mx,"Facebook: Centro Educativo Jaltepec; Instagram: centroeducativojaltepec",2020/09/21 17:56,2023/02/22 15:56
132,55,264,2,director.guadalajara@cleu.edu.mx,subdirector.guadalajara@cleu.edu.mx,posgrado.guadalajara@cleu.edu.mx,14PSU0122Z,3336130043,3336137027,NULL,https://www.cleu.edu.mx/Campus/CampusGuadalajara/?edu=Licienciaturas,"Facebook: CLEU campus Guadalajara; Instagram cleucampusguadalajara; Pagina web www.cleu.edu.mx",2020/09/30 17:49,2023/07/12 20:39
133,100,265,2,centrojalisciensevirtual@gmail.com,lulu04_2@hotmail.com,ilianapenelope@yahoo.com.mx,14PSU03970,36395955,3323039922,NULL,https://home.centrojalisciensevirtual.com/,https://www.facebook.com/centrojalisciensevirtual/?ti=as,2020/10/21 11:17,2020/11/02 19:01
134,75,267,2,joseroque@uteg.edu.mx,lflores@uteg.edu.mx,revoe@uteg.edu.mx,14PSU0273F,(33) 1598-8400,NULL,NULL,https://www.uteg.edu.mx/,NULL,2020/10/26 11:10,2022/09/29 10:42
135,75,268,2,joseroque@uteg.edu.mx,socorro.mercado@uteg.edu.mx,revoe@uteg.edu.mx,14PSU0288H,(33) 3070-22-79,NULL,NULL,https://www.uteg.edu.mx/,"https://www.facebook.com/UtegOficial/; https://twitter.com/utegoficial?lang=es; https://www.instagram.com/utegoficial/?hl=es-la",2020/10/26 11:17,2022/09/29 10:43
136,75,269,2,joseroque@uteg.edu.mx,sara.juarez@uteg.edu.mx,revoe@uteg.edu.mx,14PSU0199O,(33) 38-98-86-00,NULL,NULL,https://www.uteg.edu.mx/,NULL,2020/10/26 15:04,2022/09/29 10:44
137,101,281,2,rectoria@usj.edu.mx,control.escolar@usj.edu.mx,s.academica@usj.edu.mx,14PSU0086L,33-17-29-92-09,33-17-92-29-00,EXT. 6621,https://usj.edu.mx/,NULL,2020/10/28 11:19,2023/07/21 18:36
138,103,623,1,fundacion@ramongallegos.com,vikidamian@ramongallegos.com,NULL,14PSU0116P,3332802318,3312543236,-,https://ramongallegos.com/,"https://www.facebook.com/FundacionRamonGallegos; https://twitter.com/Ramon_Gallegos; https://www.instagram.com/fundacionramongallegos/; https://www.youtube.com/user/RamonGallegosOficial",2020/11/05 11:48,2022/06/25 13:15
139,102,276,2,miriam.nunez@iee.edu.mx,posgrados.gdl@especializacionejecutivos.com,adriana.martinez@iee.edu.mx,14PSU0131H,3347777433,NULL,NULL,https://www.iee.edu.mx/,"https://es-la.facebook.com/ieeguadalajara/",2020/11/06 13:06,2020/11/25 17:14
140,103,279,4,fundacion@ramongallegos.com,NULL,NULL,14PSU0116P,3332802318,-,-,https://ramongallegos.com/,"https://www.facebook.com/FundacionRamonGallegos; https://twitter.com/Ramon_Gallegos; https://www.instagram.com/fundacionramongallegos/; https://www.youtube.com/user/RamonGallegosOficial",2020/11/12 14:44,1900/01/01 00:00,2020/11/12 14:45
141,18,282,1,jsimon@edu.uag.mx,anabety_14@hotmail.com,jcsimon@hotmail.com,14MSU0028Y,3336100249,(331) 343-5819,NULL,http://www.uag.mx/,"Facebook: uag.mx; TwItter: uag_oficial; Instagram: uag_oficial",2020/12/02 12:33,2023/08/22 17:53,
142,104,283,2,estudios.cues@gmail.com,almameza7906@gmail.com,salvador.calvillo.c@gmail.com,NULL,33-12-41-72-65,31-12-34 55-93,33-12-80-26-63   ,https://cues.mx,https://www.facebook.com/CUES-105328337826390,2020/12/03 23:14,2020/12/11 23:03
143,105,285,4,cedusalto20@gmail.com,adrianadelosreyes@hotmail.com,afnavarrog@up.edu.mx,NULL,4491910926,3787900984,4747466124,http://www.centroeducativoelsalto.com/,NULL,2020/12/04 21:56,1900/01/01 00:00,2020/12/04 22:05
144,105,286,4,cedusalto20@gmail.com,adrianadelosreyes@hotmail.com,afnavarrog@up.edu.mx,NULL,4491910926,3787900984,4747466124,http://www.centroeducativoelsalto.com/,NULL,2020/12/04 22:04,2020/12/05 10:38,2020/12/06 11:32
145,105,287,1,cedusalto20@gmail.com,adrianadelosreyes@hotmail.com,afnavarrog@up.edu.mx,NULL,4491910926,3787900984,4747466124,http://www.centroeducativoelsalto.com/,NULL,2020/12/06 11:32,2022/01/25 14:20
146,106,291,2,aortega@marant.com.mx,administracion@marant.com.mx,info@marant.com.mx,14PBT0502J,3331240058,3331240059,3331240060,http://marant.com.mx/,"facebook: marant.cosmetica; Instagram: marant_cosmetica",2020/12/07 13:13,2020/12/16 14:47
147,107,293,2,mtro_lalo@hotmail.com,informacion@ateneometropolitano.edu.mx,serviciosescolares.amg@gmail.com,14PSU0210U,3338267001,3333425215,3317196961,http://www.ateneometropolitano.com/,"FACEBOOK: https://www.facebook.com/AMGateneo",2020/12/08 12:32,2021/11/24 15:07,2021/11/24 15:07
148,108,300,4,patricia.vazquez@colegiofines.com,caste.alberto@hotmail.com,NULL,14PPR0609Q,378 7010396,378 7080088,NULL,NULL,NULL,2020/12/09 14:00,1900/01/01 00:00,2020/12/11 12:49
149,90,301,2,abitia@feciar.org,controlescolar@feciar.org,administracion@feciar.org,14PSU0392T,3315275018,3311266372,NULL,https://www.feciar.org/,https://www.feciar.org/,2020/12/10 12:19,2021/08/10 10:40
150,108,302,4,patricia.vazquez@colegiofines.com,caste.alberto@hotmail.com,NULL,NULL,378 7010396,378 7080088,NULL,NULL,NULL,2020/12/11 12:48,2020/12/15 20:45
151,109,304,4,fernando.buendia.luna@gmail.com,NULL,NULL,NULL,5549448988,NULL,NULL,NULL,NULL,2020/12/14 12:36,1900/01/01 00:00
152,111,312,2,controlescolarrectoria@grupogorey.com.mx,auxcontrolescolar@grupogorey.com.mx,NULL,14PSU0384K,33-36-16-85-25,33-36-16-85-30,33-36-30-13-61,http://univerarandas.com/,NULL,2021/03/25 10:27,2021/05/13 15:18
153,112,314,2,presidencia.manuel@formacioninternacional.edu.mx,controlescolar@formacioninternacional.edu.mx,direccion.academica@formacioninternaciona.edu.mx,14PSU0413P,33 3335 7773,33-23-43-16-36,33-23-43-16-61,https://formacioninternacional.edu.mx/,Facebook instituto de formación internacional ,2021/04/14 13:27,2023/08/23 19:20
154,98,319,4,controlescolar@jaltepec.edu.mx,NULL,NULL,14PUT0002C,3324160337,3333684222,3329294161,jaltepec.edu.mx,"Facebook: Centro Educativo Jaltepec; Instragram: centroeducativojaltepec",2021/04/21 18:55,2023/09/14 17:39,2023/01/30 16:09
155,110,324,4,marisela@ceomexico.com,fabiola@ceomexico.com,alejandroWolyo@gmail.com,14PSU0226V,33-23-17-83-08,33-36-47-02-60,33-21-18-15-11,https://ceomexico.com/,https://www.facebook.com/iceoccidente,2021/04/27 11:10,2023/01/23 08:48
156,113,328,2,colegioparalaexpansion@gmail.com,NULL,NULL,14PSU0410S,3329992142,NULL,NULL,https://ceih.mx/,NULL,2021/05/24 15:47,2021/06/02 14:01
157,114,331,1,prefectura_estudios@hotmail.com,controlescolar.ieeseg@gmail.com,prefestudios@gmail.com,14PSU0381N, 33 3647 9250,NULL,NULL,http://www.semguad.org.mx/,Seminario Diocesano de Guadalajara,2021/05/27 15:13,2021/06/15 14:05
158,115,333,4,hola@innovatiosi.com,famezcua.innovatiosi@gmail.com,dianalaurachaides@hotmail.com,NULL,33-23-84-91-64,NULL,NULL,NULL,"facebook: @Innovatiosimx",2021/05/31 14:48,1900/01/01 00:00
159,117,334,2,zajik@unapi.edu.mx,gpastesnes@unapi.edu.mx,gpastenes@hotmail.com,NULL,33-92-27-39-59,33-10-00-44-37,33-31-57-85-18,https://unapi.edu.mx/conoce-unapi/,"https://www.facebook.com/unapiac/; https://www.linkedin.com/company/unapi/about/",2021/06/03 13:22,2022/07/13 17:33
160,116,336,2,direccion@cedesec.edu.mx,NULL,NULL,14MSU0325Y,33-20-14-77-95,3315288798,NULL,https://cedesec.edu.mx/,"Facebook: @cedesecedu; Instagram: @cedesecedu; Linkedin: CEDESEC",2021/06/07 13:25,2023/07/31 08:53
161,118,698,2,marlenne.ruvalcaba@icami.mx,diane.bernardo@icami.mx,NULL,14PSU0218M,33-38-18-66-00,NULL,NULL,https://icami.mx/,"Facebook: ICAMINacional; Twitter: @DesdeICAMI; Instagram: icaminacional",2021/06/11 11:18,2023/03/24 15:33
162,13,359,2,amartinez@ucienega.edu.mx,lgalindo@ucienega.edu.mx,NULL,14PSU0262Z,3336135050,3336135051,NULL,https://www.ucienega.edu.mx,NULL,2021/06/17 12:56,2022/09/02 10:02
163,119,362,2,direccion@inaesa.edu.mx,pr.nancy.medina@inaesa.edu.mx,vinculacion@inaesa.edu.mx,NULL,3330445161,3330445169,3323190294,http://www.inaesa.edu.mx/,https://www.facebook.com/InaesaGdl,2021/06/29 12:36,2023/09/09 15:53
164,120,612,3,alejandro.gonzalez@uniat.edu.mx,NULL,NULL,14PSU0156Q,33-31-22-74-58,NULL,NULL,https://www.uniat.edu.mx/,"Fb: https://www.facebook.com/uniat.edu; Instagram: https://www.instagram.com/uniat_edu/; Twitter: https://twitter.com/uniatedu",2021/07/01 09:45,2022/10/20 10:54
165,122,366,1,subdireccion@unijal.edu.mx,NULL,NULL,14PSU0393S,386-744-2223,NULL,NULL,https://unijal.edu.mx/,Facebook: Unijal Centro Universitario Jalisco,2021/07/06 12:32,2023/08/10 13:33
166,125,446,2,escuela@homeopataspuros.edu.mx,escuelahomeopataspuros@gmail.com,hompuros@gmail.com,14PSU0057Q,33-38-70-02-68,33-38-70-02-66,NULL,http://homeopataspuros.com.mx/,"Facebook: Escuela Homeopatas Puros / Licenciatura en Homeopatía; Instagram: homeopataspuros; Twittwer: @HomeopatasPuros",2021/07/07 11:09,2021/10/09 13:51
167,125,369,1,escuela@homeopataspuros.edu.mx,escuelahomeopataspuros@gmail.com,hompuros@gmail.com,14PSU0057Q,33-38-70-02-68,33-38-70-02-66,NULL,http://homeopataspuros.com.mx,"Facebook: Escuela Homeopatas Puros / Licenciatura en Homeopatía; Instagram: homeopataspuros; Twitteer: @Homeopatas Puros",2021/07/07 11:14,2021/10/04 16:25
168,126,377,2,administracion@institutobateson.edu.mx,diana.mendoza@institutobateson.edu.mx,NULL,14PSU0124Y,33-31-33-37-06,33 37 13 54 55,NULL,http://www.institutobateson.edu.mx/,Facebook: Instituto Bateson de Psicoterapia Sistémica,2021/07/07 12:15,2022/02/05 10:46
169,120,682,2,alejandro.gonzalez@uniat.edu.mx,alejandroggdeq@gmail.com,Kristian.picazo@gmail.com,14PSU0156Q,33-31-22-74-58,NULL,NULL,https://www.uniat.edu.mx/,"Fb: https://www.facebook.com/uniat.edu; Instagram: https://www.instagram.com/uniat_edu/; Twitter: https://twitter.com/uniatedu",2021/07/08 10:25,2023/07/20 15:45
170,121,378,1,cres_estipac@hotmail.com,cres_estipac@hotmail.com,controlescolar@cresestipac.edu.mx,14PSU0366V,377-774-0285,3777740257,3777741010,https://cresestipac.edu.mx/,"https://www.facebook.com/AlumnosCRESEEstipac; https://www.facebook.com/search/top?q=cres%20estipac",2021/07/12 12:36,2023/05/24 14:49
171,64,382,4,cecilia.romo.escolar@gmail.com,curricula_academica@hotmail.com,informeslicenciaturaenartes@gmail.com,14OSU0004M,31620033,36681641,NULL,https://sc.jalisco.gob.mx/,Facebook: Escuela de Artes ,2021/07/16 12:42,1900/01/01 00:00,2021/07/16 12:42
172,130,383,2,controlescolar@homeopatashahnemann.mx,hahnemannh@yahoo.com.mx,NULL,14PSU0112T,33-11-42-42-71,3338257917,NULL,https://homeopatashahnemann.mx/,"facebook: HomeopatasHahnemann; Instagram: homeopatashahnemann",2021/07/19 10:46,2023/09/11 15:07
173,120,385,3,alejandro.gonzalez@uniat.edu.mx,NULL,NULL,14PSU0156Q,33-31-22-74-58,NULL,NULL,https://www.uniat.edu.mx/,"Fb: https://www.facebook.com/uniat.edu; Instagram: https://www.instagram.com/uniat_edu/; Twitter: https://twitter.com/uniatedu",2021/07/19 13:45,2021/07/19 15:22,2021/07/21 14:02
174,2,386,2,rectoria@unedl.edu.mx,ces324@unedl.edu.mx,NULL,14PSU0190X,3338273000,3338273000,3338273000,https://www.unedl.edu.mx/portal/,"TWITTER: @UnedlU; FACEBOOK CUENTA INSTITUCIONAL: UNEDL Universidad; INSTAGRAM: https://www.instagram.com/unedl.universidad/; YOUTUBE: https://www.youtube.com/channel/UCb1gn6tWP-s19car8cfYwwA",2021/07/21 10:51,2022/01/10 14:42
175,131,387,4,isch.rvoesicyt.2021@gmail.com,NULL,NULL,NULL,3314877676,NULL,NULL,NULL," FACEBOOK; Instituto Superior de Ciencias Homeopáticas; INSTAGRAM;  Instituto Superior de Ciencias Homeopáticas",2021/07/22 18:15,2021/07/22 18:24
176,133,397,2,coordinaciontzapopan@gmail.com,institutotzapopan@gmail.com,NULL,14PSU0264Y,33 3364 0975 ,NULL,NULL,www.http://tzapopan.com,Instituto Tzapopan ,2021/07/26 12:06,2021/11/19 12:57
177,134,392,2,umetropolitanademexico@gmail.com,murjess89@gmail.com,lavelazquez28@gmail.com,NULL,3314944808,3330754188,4521371685,NULL,NULL,2021/07/28 21:18,2023/09/04 10:36
178,135,393,4,QuetzalEdu.sicyt@gmail.com,NULL,NULL,NULL,NULL,NULL,NULL,NULL,NULL,2021/07/29 10:43,2021/07/29 10:46
179,136,394,2,alejandro.aquino.rod@gmail.com,marco.saucedo.sep@gmail.com,NULL,IEPCP,3321065466,3334799893,3311391015,http://www.juiciosoralesjalisco.com/,Facebook: https://www.facebook.com/IECPjusticiaoral,2021/07/29 14:50,2021/09/22 14:38
180,136,395,4,alejandro.aquino.rod@gmail.com,marco.saucedo.sep@gmail.com,NULL,IECPC,3321065466,3334799893,3311391015,http://www.juiciosoralesjalisco.com/,Facebook: https://www.facebook.com/IECPjusticiaoral,2021/07/29 14:50,2021/07/30 19:39
181,137,396,3,hola@plai.mx,nadia.mireles@plai.mx,paulina.lamas@plai.mx,NULL,3312534700,NULL,NULL,https://plai.mx/,"Facebook: https://www.facebook.com/plai.mx/; Grupo en FB Comunidad PLAi: https://www.facebook.com/groups/689548835194438; Twitter: @plai_mx; Youtube: https://www.youtube.com/channel/UCbHgLVhad9wr4tkdqxRn40Q; Instagram: PLAi.mx (@plai.mx); Linkedin: https",2021/07/29 15:30,2022/03/11 17:17
182,132,399,1,iss@salesianosmeg.org;,teología.iss@gmail.com,teologia_its@yahoo.com.mx,14PSU0272G,33-36-57-45-55,NULL,NULL,https://www.issalesiano.edu.mx/,"https://es-la.facebook.com/pg/ISSalesiano/events/?ref=page_internal; www.facebook.com/Instituto-Superior-Salesiano; http://institutosalesiano-tlaquepaque.blogspot.com/",2021/08/03 10:12,2022/12/19 11:01,2021/10/08 17:47
183,139,730,2,cepo.academico@cepoeducacion.com,cepo.academico@gmail.com,cepo.controlescolar@gmail.com,14PSU0196R,33-36-16-50-01,33-36-16-50-02,3323600373,https://cepoeducacion.com/,"Página Web: https://cepoeducacion.com/; Fb: CEPO Posgrados Odontologicos",2021/08/04 11:07,2023/09/12 14:08
184,140,405,4,maria.mendoza@ija.gob.mx,mariaguadalupemendoza@gmail.com,mgmendoza@outlook.com,NULL,3613800000,3333017370,3322252151,http://www.ija.gob.mx,"Página oficial: www.ija.gob.mx; Fan Page de Facebook: Instituto de Justicia Alternativa del Estado de Jalisco; Twitter: IJA_Jalisco",2021/08/12 11:56,1900/01/01 00:00
185,128,408,2,alejandro.roche@itedmexico.com,alxrush@hotmail.com,alxrush@gmail.com,NULL,+52 7861046753,5556553572,33-3942-8740 X 300,https://www.itedmexico.com/,"LinkedIn: https://www.linkedin.com/company/instituto-teologico-digital/; Instagram: https://instagram.com/itedmexico?igshid=NTc4MTIwNjQ2YQ==",2021/08/15 07:36,2023/08/26 11:23
186,141,409,4,Institutobioenergiamagnetica@gmail.com,NULL,NULL,NULL,33 2507 7743,NULL,NULL,NULL,@alonso_ashaika,2021/08/16 19:59
187,142,410,1,npena@ipade.mx,NULL,NULL,NULL,3336271550,5553541800,NULL,https://www.ipade.mx/,NULL,2021/08/26 12:53,2021/11/30 12:17
188,3,411,4,magui.sicyt@gmail.com,magui.sicyt@gmail.com,magui.sicyt@gmail.com,999kkkkk,3333333,NULL,NULL,https://siiges.com/views/mis-solicitudes.php,na,2021/08/26 17:11,1900/01/01 00:00,2021/08/26 17:11
189,143,413,4,alejandrogarza@unag.mx,rubengonzalez@unag.mx,berthalopez@unag.mx,14PSU0055S,33-3669-9740,33-3631-6861,33-3826-1363,https://unag.mx/,"https://www.facebook.com/UNAGoficial; https://www.instagram.com/unagoficial/?hl=es; https://twitter.com/UNAGoficial; https://www.youtube.com/c/UnagOficial",2021/09/09 13:13,2023/01/20 11:13
190,143,414,2,alejandrogarza@unag.mx,rubengonzalez@unag.mx,berthalopez@unag.mx,14PSU0275D,33-3631-6861,33-3669-9740,33-3826-1363,https://unag.mx/,"https://www.facebook.com/UNAGoficial; https://twitter.com/UNAGoficial; https://www.instagram.com/unagoficial/?hl=es; https://www.youtube.com/c/UnagOficial",2021/09/09 13:34,2023/08/12 14:57
191,50,415,4,licenciaturasui@gmail.com,rosy.escobedo.gonzalez@gmail.com,NULL,14PSU0346H,33-45-06-29-38,33-45-06-29-39,33-45-06-29-41,NULL,NULL,2021/09/14 13:01,2023/03/31 13:09
192,26,418,4,eespinosa@uve.edu.mx,eespinosa@uve.edu.mx,eespinosa@uve.edu.mx,NULL,NULL,NULL,NULL,http://www.uve.edu.mx,NULL,2021/09/15 11:06,1900/01/01 00:00,2021/09/15 11:14
193,145,420,1,licrodrigo2703@yahoo.com.mx,contacto@colegiodecroly.edu.mx,logistica@colegiodecroly.edu.mx,14PSU0406F,33-36-13-54-07,3396888671,NULL,https://www.colegiodecroly.edu.mx/,"https://www.facebook.com/decrolygdl",2021/09/22 10:19,2023/08/15 12:14
194,50,495,2,licenciaturasui@gmail.com,uiserviciosocial@gmail.com,rosy.escobedo.gonzalez@gmail.com,14PSU0347G,3338250222,3313393412,3313393412,NULL,NULL,2021/09/23 11:14,2023/03/28 16:20
195,148,423,2,NULL,NULL,NULL,NULL,NULL,NULL,NULL,NULL,NULL,2021/09/29 01:56,2023/05/25 13:18
196,147,425,4,NULL,NULL,NULL,14PSU0395Q,NULL,NULL,NULL,NULL,NULL,2021/09/30 11:32,2021/09/30 11:57,2021/10/04 12:04
197,32,426,4,eddi_1369@hotmail.com,adrian.delpozo@hotmail.com,NULL,14PSU0096S,12-00-29-87,33-10-92-18-41,NULL,http://www.enriquerebsamen.com.mx/IER/,NULL,2021/09/30 22:17,2023/05/31 10:56
198,149,427,2,umg.licenciaturas@gmail.com,rociodelpilar74@hotmail.com,lic.susnaga@hotmail.com,14PSU0241N,3334413501,3314400217,3331192551,http://www.umg.mx/,"https://es-la.facebook.com/UniversidadMetropolitanaGDL/; http://www.umg.mx/",2021/10/02 22:38,2022/06/03 11:32
199,147,428,3,karla@ews.edu.mx,lauraews@me.com,barbara.ruma@gmail.com,14PSU0395Q,33-36-86-00-78,33-36-12-78-39,NULL,NULL,NULL,2021/10/04 12:01,2021/10/28 13:21
200,123,431,4,universidad.metropolitana@umla.edu.mx,gsa1900@gmail.com,asalimleiza@hotmail.com,14PSU0045L,33-31-22-42-22,33-31-22-41-45,33-27-87-78-72,NULL,NULL,2021/10/05 13:55,1900/01/01 00:00,2021/10/05 14:08
201,123,432,2,universidad.metropolitana@umla.edu.mx,gsa1900@gmail.com,asalimleiza@hotmail.com,14PSU0045L,33-31-22-42-22,33-31-22-41-45,33-27-87-78-72,http://www.umla.edu.mx,Facebook,2021/10/05 14:07,2021/12/09 12:39
202,123,433,4,universidad.metropolitana@umla.edu.mx,gsa1900@gmail.com,asalimleiza@hotmail.com,14PSU0045L,33-31-22-42-22,33-31-22-41-45,33-27-87-78-72,http://www.umla.edu.mx,NULL,2021/10/05 14:43,1900/01/01 00:00,2021/10/05 14:48
203,152,699,2,asuntosescolares@ecro.edu.mx,direccion@ecro.edu.mx,NULL,14EAH0001P,3336171409,3336172819,3336172741,https://www.ecro.edu.mx/,"Facebook: ECRO Escuela de Conservación y Restauración de Occidente; Instagram: ecro.oficial",2021/10/05 15:12,2023/05/31 13:48
204,55,435,2,director.guadalajara@cleu.edu.mx,subdirector.guadalajara@cleu.edu.mx,academico.guadalajara@cleu.edu.mx,14MSU0176G,361330043,NULL,NULL,https://www.cleu.edu.mx/Campus/CampusGuadalajara/,CLEU Campus Guadalajara,2021/10/05 17:19,2021/10/13 10:45
205,55,436,2,director.guadalajara@cleu.edu.mx,subdirector.guadalajara@cleu.edu.mx,NULL,14MSU0176G,33130043,NULL,NULL,https://www.cleu.edu.mx/Campus/CampusGuadalajara/,FB: CLEU Campus Guadalajara,2021/10/05 17:22,2021/10/27 18:08
206,61,437,4,maestria@iapjalisco.org.mx,NULL,NULL,14PSU0225W,3336503492,3336500192,NULL,https:/www.iapjalisco.org.mx,NULL,2021/10/05 18:15,1900/01/01 00:00,2021/10/05 18:16
207,27,439,4,cappza@hotmail.com,cesz.cappza@gmail.com,rodrigo.cano.guzman@gmail.com,14PSU0299N,3414131355,3414390909,3414390693,http://cappza.com/centroeducativosuperior/,"https://www.facebook.com/cappza.zapotlan; https://www.facebook.com/centroeducativosuperiordezapotlanCESZ",2021/10/06 12:14,1900/01/01 00:00,2023/06/05 16:42
208,84,440,4,admonescolar@uniso.edu.mx,NULL,NULL,14PSU0181P,33 38 27 54 45,33 38 27 54 46,33 38 27 54 46,https://www.uniso.edu.mx/,"https://www.facebook.com/UNISOXXI/; https://twitter.com/UniversidadSXXI; https://www.instagram.com/unisocomunidad/; https://www.youtube.com/user/uniso21",2021/10/06 16:42,1900/01/01 00:00,2021/10/06 16:46
209,84,441,4,admonescolar@uniso.edu.mx,NULL,NULL,14PSU0181P,33 38 27 54 45,33 38 27 54 46,33 38 27 54 46,https://www.uniso.edu.mx/,"https://www.facebook.com/UNISOXXI/; https://twitter.com/UniversidadSXXI; https://www.instagram.com/unisocomunidad/",2021/10/06 16:45,1900/01/01 00:00,2021/10/06 16:46
210,11,442,4,CONTACTO@UNIVERSIDADINNOVACION.EDU.MX,SERGIO@UNIVERSIDADINNOVACION.EDU.MX,JOSEANTONIO@UNIVERSIDADINNOVACION.EDU.MX,14PSU0292U,3336134644,3336302345,NULL,https://universidadinnovacion.edu.mx/,"UNIVERSIDAD DE INNOVACION",2021/10/07 09:43,2023/08/11 13:33
211,11,443,4,CONTACTO@UNIVERSIDADINNOVACION.EDU.MX,SERGIO@UNIVERSIDADINNOVACION.EDU.MX,JOSEANTONIO@UNIVERSIDADINNOVACION.EDU.MX,14PSU0292U,3336134644,3336302345,NULL,https://universidadinnovacion.edu.mx/,"UNIVERSIDAD DE INNOVACION",2021/10/07 09:45,1900/01/01 00:00,2023/02/22 12:28
212,2,444,4,rectoria@unedl.edu.mx,ces90@unedl.edu.mx,NULL,14PSU0123Z,33 38 27 30 00,NULL,NULL,https://www.unedl.edu.mx/portal/,"Twitter: @UnedlU; YouTube: https://www.youtube.com/channel/UCb1gn6tWP-s19car8cfYwwA; Facebook: https://www.facebook.com/unedl.universidad; Instagram: https://www.instagram.com/unedl.universidad/",2021/10/07 13:11,2022/07/28 11:25,2022/07/28 12:32
213,2,445,4,rectoria@unedl.edu.mx,ces90@unedl.edu.mx,direccion.academica@unedl.edu.mx,14PSU0123Z,3338273000,NULL,NULL,https://www.unedl.edu.mx/portal/,"Twitter: @UnedlU; YouTube: https://www.youtube.com/channel/UCb1gn6tWP-s19car8cfYwwA; Facebook: https://www.facebook.com/unedl.universidad; Instagram: https://www.instagram.com/unedl.universidad/",2021/10/07 13:17,2022/07/28 11:25,2022/07/28 12:36
214,154,447,4,info@modalanspiac.com,info@modalanspiac.com,info@modalanspiac.com,14PSU0115Q,3336155365,3311545542,NULL,http://modalanspiac.edu.mx/licenciatura.html,"Facebook: infomodalanspiac@gmail.com; Instagram: info@modalanspiac.com",2021/10/08 09:14,2021/10/13 13:19,2021/10/14 08:56
215,17,449,4,contacto@cescs.com.mx,lic.irivng.cisneros@cescs.com.mx,coordinacion@cescs.com.mx,14PSU0309D,33-36-13-69-88,33-36-13-69-93,NULL,https://www.cescs.com.mx,NULL,2021/10/08 12:41,2022/02/08 16:07
216,150,748,2,controlescolar@cdm.mx,lupita.gtez@gmail.com,licmkt.gtez@gmail.com,14PSU0185L,33 3642 2559,33 2029 1334,33 12429589,https://www.cdm.mx/index.html,"Facebook @centrodediseñodemodasoficial; Instagram @cdmodamx",2021/10/08 12:47,2023/09/11 15:20
217,132,452,1,teologia.iss@gmail.com,ramonsr@iteso.mx,iss@salesianosmeg.org,14PSU0272G,3336574555,3336574837,3315171477,www.https://www.issalesiano.edu.mx/,"https://es-la.facebook.com/ISSalesiano/",2021/10/08 17:46,2022/12/19 12:03
218,155,498,1,controlescolar@itea.edu.mx,posgrado@itea.edu.mx,controlescolaritea@gmail.com,14PSU0204J,33-30-70-33-33,33-16-08-72-51,33-28-34-33-03,https://itea.edu.mx,"Facebook; https://www.facebook.com/ITEAEDU/; Twitter: https://twitter.com/eduitea?long=es",2021/10/09 09:23,2023/07/19 12:50
219,123,454,2,universidad.metropolitana@umla.edu.mx,director@umla.edu.mx,admonescolar@umla.edu.mx,"14PSU0045L		",33 3122 4222,33 3122 4145,33 2787 7872 ,https://www.umla.edu.mx,NULL,2021/10/09 10:50,2021/11/30 18:12,2021/12/06 16:31
220,158,455,4,info@coljal.edu.mx,coordinacion.esc@coljal.edu.mx,claudia.gonzalez@coljal.edu.mx,14PSU0351T,3338360384,3336332616 ext. 150,3336332616 ext. 108,https://www.coljal.mx/,"https://www.facebook.com/Coljal/; https://twitter.com/Coljalisco; https://www.instagram.com/coljal/",2021/10/09 13:12,2023/04/20 13:01
221,154,456,4,info@modalanspiac.com,info@modalanspiac.com,info@modalanspiac.com,14PSU0115Q,3336155365,3311545542,3311128247,http://modalanspiac.edu.mx/licenciatura.html,"Facebook: lanspiac; Instagram: lanspiac; Twitter: lanspiac",2021/10/09 14:05,1900/01/01 00:00,2021/10/13 11:20
222,161,460,2,areaarticulacion.sej@jalisco.gob.mx,NULL,NULL,NULL,33-30-30-75-00 ext.53520,33-30-30-75-00 ext.53521,33-30-30-75-00 ext.53577,NULL,NULL,2021/10/11 13:33,2022/01/12 11:30
223,151,461,1,NULL,controlescolar_cesg@hotmail.com,noemi129@gmail.com,14PSU0091X,3320152428,NULL,NULL,http://www.cesg.edu.mx/,https//www.facebook.com/Centro-de-Estudios-Superiores_del Golfo-274793592564713,2021/10/11 13:35,2021/11/30 12:57
224,156,464,4,direccion@utegra.com,controlescolar@utegra.com,NULL,140336,3335856112,3335856113,NULL,https://www.universidad.utegra.com/index.php/es/ ,NULL,2021/10/12 10:08,1900/01/01 00:00,2021/10/12 10:25
225,156,465,4,direccion@utegra.com,controlescolar@utegra.com,NULL,140336,3335856112,3335856113,NULL,https://www.universidad.utegra.com/index.php/es/ ,NULL,2021/10/12 10:08,1900/01/01 00:00,2021/10/12 10:09
226,156,466,4,direccion@utegra.com,controlescolar@utegra.com,NULL,140336,3335856112,3335856113,NULL,https://www.universidad.utegra.com/index.php/es/ ,NULL,2021/10/12 10:08,1900/01/01 00:00,2021/10/12 10:09
227,156,467,4,direccion@utegra.com,controlescolar@utegra.com,NULL,140336,3335856112,3335856113,NULL,https://www.universidad.utegra.com/index.php/es/ ,NULL,2021/10/12 10:08,1900/01/01 00:00,2021/10/12 10:09
228,156,468,2,direccion@utegra.com,controlescolar@utegra.com,NULL,14PSU0209E,3335856112,3335856113,3314856715,https://www.universidad.utegra.com/index.php/es/,"https://www.facebook.com/UniversidadUtegra; https://www.instagram.com/utegra_oficial; https://twitter.com/UTEGRAOFICIAL",2021/10/12 10:25,2023/08/02 18:56
229,153,469,2,direccion.general@caav.mx,controlescolar@caav.mx,administracion@caav.mx,14PSU0081Q,3336152964,(33)35877825,(33)35877824,http://www.caav.mx,"Facebook: Universidad de Medios Audiovisuales; Instagram: caavuniversidad",2021/10/13 09:17,2023/07/18 12:57
230,154,471,4,info@modalanspiac.com,NULL,NULL,14PSU0115Q,3336155365,0,0,www.modalanspia.com,"Facebook: /lanspiac; Instagram:/lanspiac",2021/10/13 13:15,1900/01/01 00:00,2021/10/13 13:18
231,138,472,4,irma.lopez@fitech.com.mx,javier.verea@hotmail.com,elvirapergo@hotmail.com,14PSU0412Q,3332802012,3336163924,3311166199,https://fitech.com.mx/,"Facebook: FitechMexico; Instagram: @FitechMexico",2021/10/13 13:40,1900/01/01 00:00,2021/10/14 12:24
232,157,751,2,cencus_licenciatura@hotmail.com,cencus_gdl@hotmail.com,NULL,14PSU0277B,3323477642,NULL,NULL,http://www.cencusedu.com/,"Facebook: Instituto Nueva Cultura Social Zinajome; Instagra: cencus_centro_educativo ",2021/10/13 17:42,2023/09/14 18:37
233,154,476,4,info@modalanspiac.com,NULL,NULL,14PSU0115Q,3336155365,NULL,NULL,https://www.modalanspiac.com,"Facebook /lanspiac; Instagram/ lanspiac",2021/10/14 09:23,2021/10/14 09:28,2021/10/14 09:46
234,154,525,2,info@lanspiac.edu.mx,NULL,NULL,14PSU0115Q,3336155365,NULL,NULL,https://www.lanspiac.edu.mx,"Facebook: /lanspiac; Instagram:/lanspiac",2021/10/14 11:17,2023/09/07 13:00
235,154,478,4,info@modalanspiac.com,info@modalanspiac.com,info@modalanspiac.com,14PSU0115Q,3336155365,3311545542,3311128247,https://www.modalanspiac.com,"Facebook: www.facebook.com/lanspiac; Instagram: @lanspiac; twitter: @lanspiac",2021/10/14 11:33,1900/01/01 00:00,2021/10/14 12:52
236,163,479,2,espaciopsicoanalitico@hotmail.com,nicolmorales@hotmail.com,centrofreudespaciopsic@gmail.com,14PSU0125X,3338251569,3338251575,NULL,http://www.espaciopsicoanalitico.mx/,"Espacio psicoanalítico AC ",2021/10/14 12:20,2023/09/14 16:08
237,138,480,2,irma.lopez@fitech.com.mx,javier.verea@hotmail.com,elvirapergo@hotmail.com,14PSU0412Q,3332802012,3336163924,3311166199,https://fitech.com.mx/,"Facebook: fitechmexico; Instagram: @fitechmexico",2021/10/14 12:24,2022/11/11 12:02
238,163,481,4,espaciopsicoanalitico@hotmail.com,nicolmorales@hotmail.com,centrofreudespaciopsic@gmail.com,14PSU0125X,3338251569,3338251575,NULL,http://www.espaciopsicoanalitico.mx/,"Espacio Psicoanalítico AC; Espacio Psicoanalítico  ",2021/10/14 12:29,1900/01/01 00:00,2021/10/14 12:32
239,165,511,2,cegesta@yahoo.com.mx,NULL,NULL,14PSU0223Y,3336138685,3331201297,NULL,N/A,"CEGESTA",2021/10/14 13:22,2023/08/29 16:14
240,14,485,2,rectoria@ual.edu.mx,direccion.vallartayunion@ual.edu.mx,universidad.ual@gmail.com,14PSU01632,33-2878-0259,33-2878-0260,33-4777-7100,https://www.ual.edu.mx,NULL,2021/10/15 09:36,2022/01/30 20:09,
241,14,486,4,rectoria@ual.edu.mx,cesar.hernandez@ual.edu.mx,universidad.ual@gmail.com,14PSU0266W, 322-222-5512,33-2878-0260,33-2878-0259,https://www.ual.edu.mx,NULL,2021/10/15 09:48,2022/05/29 23:26,
242,14,630,2,rectoria@ual.edu.mx,direccion.cruzdelsur@ual.edu.mx,universidad.ual@gmail.com,14PSU0375C,33-3623-2697,33-2878-0259,33-4777-7100,https://www.ual.edu.mx,NULL,2021/10/15 10:30,2022/09/17 13:08,
243,14,488,4,rectoria@ual.edu.mx,direccion.sanisidro@ual.edu.mx,universidad.ual@gmail.com,14PSU0388G,33-1542-4750,33-2878-0259,33-4777-7100,https://www.ual.edu.mx,NULL,2021/10/15 11:43,2022/05/29 22:14,
244,143,496,2,rubengonzalez@unag.mx,berthalopez@unag.mx,NULL,14PSU0055S,3338261363,3336316861,NULL,https://unag.mx/,"https://www.facebook.com/UNAGoficial/; https://twitter.com/UNAGoficial; https://www.instagram.com/unagoficial/",2021/10/18 12:20,2023/08/12 14:26
245,160,499,2,direccion.uno.universidad@gmail.com,uno.control.escolar@gmail.com,becas.academicas.uno@gmail.com,14PSU0362Z,33-27-12-57-87,3321600580,3327125786,https://www.unouniversidad.com/,Facebook: Uno Oficial; UNO ADMON,2021/10/20 17:08,2023/08/30 15:31,
246,99,500,2,dsae_vallarta@uva.edu.mx,NULL,NULL,14MSU0340Q,(322) 225 3112,(322) 225 2988,NULL,https://www.uva.edu.mx/Puerto-vallarta/inicio,"Universidad Vizcaya Vallarta; https://www.instagram.com/universidadvizcayaoficial/",2021/10/20 17:09,2022/05/24 11:07
247,170,501,2,crismar_macias@hotmail.com,gamacias1951@prodigy.net.mx,mcelinamr@hotmail.com,14PSU0108G,33-36-13-00-00,33-13-56-94-73,33-12-11-56-55,https://www.cesehom.com.mx/,@cesehom,2021/10/20 17:17,2023/03/30 12:10,
248,167,502,2,ceass_mesh@yahoo.com.mx,matycorrales@yahoo.com,NULL,14PSU0046K,33-16-65-53-56-65,33-18-43-80-33,NULL,http://wwwceassjalisco.com,Facebook: Centro de Educación y Atención en la Salud y la Sexualidad CEASS,2021/10/22 16:08,2022/03/29 18:11,
249,159,503,1,licenciatura@eno.edu.mx,eno_a@hotmail.com,enolicmaestros@live.com.mx,14PSU03861,33 3641 3212,33 3640 1732,33 1863 3824 - WhatsApp,http://www.eno.edu.mx/,"Facebook: https://www.facebook.com/eno.occidental; Twitter: @EscuelaNormalO2; Instagram: https://www.instagram.com/escuelanormaloccidental/",2021/10/22 19:33,2022/09/29 12:57
250,174,504,3,apatron@uteza.mx,japatronhkv@gmail.com,mariozendejas@hotmail.com,14PSU0385J,3318044311,3334772420,3333436666,http://cucc.edu.mx/#!/-bienvenido/,"Facebook; Whatsapp; Instagram",2021/10/23 10:02,2021/10/25 12:39
251,159,506,4,licenciatura@eno.edu.mx,eno_a@hotmail.com,eno.occidental@hotmail.com,14PSU03861,33 3641 3212,33 3640 1732,33 1863 3824 - WhatsApp,http://www.eno.edu.mx/,"Facebook: https://www.facebook.com/eno.occidental; Twitter: https://twitter.com/escuelanormalo2; Instagram: https://www.instagram.com/escuelanormaloccidental/",2021/10/23 11:40,1900/01/01 00:00,2021/10/23 11:41
252,169,509,4,h_occidente@yahoo.com.mx,homeopatiadeoccidente@gmail.com,admin@homeopatiadeoccidente.edu.mx,14PSU0149G,3336196197,3320051154,3311166832,https://homeopatiadeoccidente.edu.mx/,"Facebook: Homeopatía De Occidente; Instagram: homeopatiadeoocidente; WhatsApp: Homeopatía De Occidente",2021/10/26 00:09,2021/12/04 21:43
253,14,510,2,rectoria@ual.edu.mx,coordinacion.directores@ual.edu.mx,clemente.ochoa@gmail.com,14PSU0175E,33-2878-0264,33-2878-0259,33-2078-0260,http://www.ual.edu.mx,NULL,2021/10/27 08:56,2022/02/07 12:29
254,175,512,4,utebmaster.ac@gmail.com,utebmaster_ac@hotmail.com,anaraya102@gmail.com,14PSU0100O,33 36 15 77 57,33 36 15 72 58,33 31 21 64 28,http://www.utebmaster.com,"Facebook: UTEB Master; Twitter: Master & Spa; Instagram: @utebmaster",2021/10/31 12:50,2021/10/31 12:54,2021/11/01 11:46
255,175,513,4,utebmaster.ac@gmail.com,utebmaster_ac@hotmail.com,anaraya102@gmail.com,14PSU0100O,33 36 15 77 57,33 36 15 72 58,33 31 21 64 28,http://www.utebmaster.com,"Face book; UTEB Master; Twitter: Master & Spa; Instagram: @utebmaster",2021/11/01 11:45,1900/01/01 00:00,2021/11/07 11:49
256,151,515,4,NULL,controlescolar_cesg@hotmail.com,noemi129@gmail.com,14PSU0091X,3320152428,3336836011,NULL,http://www.cesg.edu.mx/,www.facebook.com/Centro-de-Estudios-Superiores-del-Golfo-274793592564713,2021/11/03 10:42,1900/01/01 00:00,2021/11/03 10:43
257,171,516,2,contacto@colegiodeacupuntura.edu.mx,colegiodeacupuntura@hotmail.com,rodolfocisneros.c@gmail.com,14PSU0421Y,33-31-21-84-90,33-35-63-97-78,33-23-55-89-56,https://colegiodeacupuntura.edu.mx,"Facebook: Colegio de Acupuntura en Guadalajara; Instagram: Colegiosuperiordeacupuntura",2021/11/03 12:34,2021/11/25 12:12
258,175,747,2,utebmaster.ac@gmail.com,utebmaster_ac@hotmail.com,anaraya102@gmail.com,14PSU0100O,33 36 15 77 57,33 36 15 72 58,33 31 21 64 28,http://www.utebmaster.com,"UTEB Master; Master & Spa; @utebmaster",2021/11/07 11:49,2023/08/29 12:35
259,172,520,4,secretaria@camilos.org.mx,bamador_77@hotmail.com,centrosancamilo@hotmail.com,14PSU0399M,3334652026,3336404090,3339593089,http://www.camilos.org.mx/,"Centro San Camilo AC - Facebook; YouTube Camilo de Lelis - Instagram ",2021/11/10 19:03,1900/01/01 00:00,2022/01/07 11:07
260,173,521,1,omarojedau@hotmail.com,enlace_itac@hotmail.com,itac_gdl@hotmail.com,14PSU0420Z,3339685280,3311432272,3338250289,https://www.itac.mx/,"https://www.facebook.com/itacmx/; https://www.instagram.com/escuela_de_aviacion_itac/; https://twitter.com/itacmx; https://www.youtube.com/channel/UC6DTbPff7-YOcuvUc6vV7gg",2021/11/14 18:14,2023/04/27 15:57,NULL
261,168,523,4,hernandezgregorio@hotmail.com,controlescolaripesuj@gmail.com,NULL,14PSU0215P,33 38 53 10 51,33 38 54 22 08,NULL,http:/www.aulavirtualmx.com,Facebook: Instituto Pedagógico,2021/11/18 11:24,2022/09/14 20:16,2022/09/15 14:47
262,12,606,4,gaby.carral@enlaceoccidente.edu.mx,nayeli.becerra@enlaceoccidente.edu.mx,martha.perez@enlaceoccidente.edu.mx,14PSU0082P,3336156929,333665739,NULL,https://www.enlaceoccidente.edu.mx,"Facebook: Enlace Occidente",2021/11/18 11:39,2022/03/16 15:56
263,107,532,2,mtro_lalo@hotmail.com,mtraromagil@yahoo.com.mx,serviciosescolares.amg@gmail.com,14PSU0210U,3338267001,3333425215,NULL,http://www.ateneometropolitano.edu.mx,"facebook: Ateneo Metropolitano de Guadalajara oficial; Instagram: Ateneo Metropolitano gdl; WhatsApp: 3317511376",2021/11/24 15:02,2023/08/10 13:12
264,169,541,4,h_occidente@yahoo.com.mx,homeopatiadeoccidente@gmail.com,homeopatiadeoccidente@hotmail.com,14PSU0149G,3336196197,3320051154,3316014919,https://homeopatiadeoccidente.edu.mx/,"Facebook: Homeopatía de Occidente; Instagram: homeopatiadeoccidente; Whatsapp: Homeopatía de Occidente",2021/12/04 21:39,2021/12/04 21:42
265,178,542,2,maestriaconsejo.funcion@gmail.com,lic_sultana@hotmail.com,maestriaconsejo.juicios@gmail.com,14OSU0007J,30012345,30012304,3338211483,NULL,NULL,2021/12/06 13:59,2022/02/24 11:16
266,166,544,4,ieshomeopatia@yahoo.com,dra_amablerios@yahoo.com.mx,marinali40@hotmail.com,14PSU0107H,33-36-16-31-16,33-36-16-52-46,NULL,https://iesh.com.mx/,"",2021/12/07 10:34,2023/07/25 15:19
267,182,545,4,rectorablanca@hotmail.com,NULL,NULL,140318,3339562083,NULL,NULL,NULL,NULL,2021/12/07 15:40,2022/01/06 15:36
268,176,549,1,omar.rubalcava@esh.edu.mx,omarrn01@gmail.com,yolynolascoesh@live.com.mx,14PSU0095T,3335605306,3313790791,3314173582,https://www.esh.edu.mx/,"Facebook: @EscuelaSuperiorHomeopatia; Twitter: @eshedu1; Instagram: @escuelasuperiordehomeopatia",2021/12/11 13:08,2022/09/15 18:03
269,47,554,2,marisupcmsvirtual@outlook.es,ghernandez@telexmart.com,ghernandez@telexmart.com,14PSU0411R,22828262,NULL,NULL,https://www.cmsvirtual.mx,Colegio Mundial Superior ,2021/12/16 12:50,2023/06/07 15:02
270,183,558,4,NULL,grafoemocion@outlook.es,faty512@hotmail.com,NULL,35-50-21-74,3313119578,3313022107,NULL,Facebook: grafoemocioncapacitacion,2021/12/30 13:05,1900/01/01 00:00,2021/12/30 13:11
271,183,559,4,NULL,grafoemocion@outlook.es,faty512@hotmail.com,En tramite,35-50-21-74,3313119578,3313022107,NULL,FACEBOOK: grafoemocioncapacitacion,2021/12/30 13:11,2022/08/29 18:24
272,182,561,4,rectorablanca@hotmail.com,NULL,NULL,140318,NULL,NULL,NULL,NULL,NULL,2022/01/06 14:01,1900/01/01 00:00,2022/01/06 14:02
273,172,564,1,secretaria@camilos.org.mx,bamador_77@hotmail.com,oocervantes@yahoo.com.mx,14PSU0399M,3336404090,3334652026,3312180180,https://www.camilos.org.mx/,https://es-la.facebook.com/centrosancamiloac/,2022/01/07 11:06,2022/05/16 11:55
274,184,565,1,juan.lorenzana@jalisco.gob.mx,jose.guerra@jalisco.gob.mx,refundacionjaliscoedu.ssej@jalisco.gob.mx,14OSU0008I,3330300400,3330300408,NULL,NULL,NULL,2022/01/07 11:25,2023/08/03 10:38
275,2,566,4,direccion.academica@unedl.edu.mx,ces90@unedl.edu.mx,direccion.controlescolar@unedl.edu.mx,14PSU0172H,3338273000,NULL,NULL,https://www.unedl.edu.mx,https://www.unedl.edu.mx,2022/01/07 12:12,2022/11/10 10:36
276,185,568,4,diana.alvarez@era21.com.mx,ucvaldez@hotmail.com,equinonez@hotmail.com,14PSU0267V,3315351799,3338085345,3338085111,http://www.unisite.mx,"Facebook: Universidad Unisite; email: informes.unisite@gmail.com; whatsap: 3312317323",2022/01/08 11:29,2022/06/25 09:10,2022/11/11 15:08
277,2,569,2,direccio.academica@unedl.edu.mx,direccion.controlescolar@unedl.edu.mx,ces90@unedl.edu.mx,14PSU0190X,3338273000,NULL,NULL,https://www.unedl.edu.mx/portal/,"Facebok:UNEDLuniversidad; Instagram: UNEDL.universidad",2022/01/10 10:24,2022/01/10 14:05
278,186,572,3,escuelajudicial@stjjalisco.gob.mx,NULL,NULL,14OSU0005L,3312001400,3312001500,NULL,https://escuelajudicial.stjjalisco.gob.mx/,Facebook: Supremo Tribunal de Justicia del Estado de Jalisco,2022/02/04 14:35,2023/07/07 15:29
279,17,573,4,contacto@cescs.com.mx,coordinacion.carrera@cescs.com.mx,lic.irving.cisneros@cescs.com.mx,14PSU0309D,33-36-13-69-88,33-36-13-69-93,NULL,http://www.cescs.com.mx,cescs rx,2022/02/05 11:33,2022/02/08 16:12,2022/02/08 16:36
280,30,575,4,imaginar_t@hotmail.com,academico@ciind.edu.mx,administracion@ciind.edu.mx,14PSU0337Z,(33) 3123 1419,(33) 31232324,(33)23039505,http://ciind.edu.mx,@ciindimaginarte,2022/02/23 11:12,2022/06/24 11:53
281,187,576,2,ipcvicenterojas@gmail.com,direccion@ipceducacion.com,NULL,14PSU0203K,3336163310,3331053979,NULL,http://www.ipceducacion.com,https://www.facebook.com/Instituto-de-Posgrados-y-Ciencias-SC-151570784883723,2022/02/23 19:52,2023/07/08 14:05
282,190,590,4,notificaciones@univer-gdl.edu.mx,NULL,NULL,14PSU00420,33 3613 9280,3335401637,NULL,https://univergdl.com/?gclid=CjwKCAiAvaGRBhBlEiwAiY-yMOliaiRa8MnzXI62gYx1N5s5s_N_BJuxTQ9Z9X09box-An2N_YIyeRoC-kEQAvD_BwE,Universidad Univer,2022/03/09 13:47,1900/01/01 00:00,2022/03/14 13:45
283,190,591,4,notificaciones@univer-gdl.edu.mx,NULL,NULL,14PSU0043N,33 3121 8010,3335401646,NULL,https://univergdl.com/?gclid=CjwKCAiAvaGRBhBlEiwAiY-yMOliaiRa8MnzXI62gYx1N5s5s_N_BJuxTQ9Z9X09box-An2N_YIyeRoC-kEQAvD_BwE,Universidad Univer,2022/03/09 13:50,2022/03/23 10:21
284,189,592,4,notificaciones@univer-gdl.edu.mx,NULL,NULL,14PSU0041P,33 3853 6136,3335401637,NULL,https://univergdl.com/,"Universidad Univer",2022/03/09 17:33,1900/01/01 00:00,2022/03/09 17:35
285,189,593,4,notificaciones@univer-gdl.edu.mx,NULL,NULL,14PSU0043N,33 3121 8010,3335401637,NULL,https://univergdl.com/,Universidad Univer,2022/03/09 17:35,1900/01/01 00:00,2022/03/09 17:35
286,192,595,2,prefecturadeestudiosdsjl@institutoanacletogonzalezflores.edu.mx,secretariadestudiosdsjl@gmail.com,NULL,14PSU0429Q,3957851414,3957854914,NULL,NULL,NULL,2022/03/11 13:05,2022/03/31 08:17
287,190,596,4,notificaciones@univer-gdl.edu.mx,NULL,NULL,14PSU0177C,33 3121 8010,3335401637,NULL,https://univer.com.mx/,Universidad Univer ,2022/03/14 13:59,2022/03/23 10:09
288,189,597,4,notificaciones@univer-gdl.edu.mx,NULL,NULL,14PSU0183N,33 3121 8010,3335401637,NULL,https://univer.com.mx/,Universidad Univer,2022/03/14 14:01,2022/06/21 18:22
289,189,598,4,notificaciones@univer-gdl.edu.mx,NULL,NULL,14PSU0173G,33 3121 8010,3335401637,NULL,https://univer.com.mx/,Universidad Univer,2022/03/14 16:52,2022/06/20 17:06
290,189,599,4,notificaciones@univer-gdl.edu.mx,NULL,NULL,14PSU0165Y,33 3121 8010,3335401637,NULL,https://univer.com.mx/,Universidad Univer,2022/03/14 17:00,2022/06/21 18:35
291,191,600,4,notificaciones@univer-gdl.edu.mx,NULL,NULL,14PSU0041P,33 3121 8010,3335401637,NULL,https://univer.com.mx/,Universidad Univer,2022/03/14 17:08,2022/08/08 12:54
292,191,601,4,notificaciones@univer-gdl.edu.mx,NULL,NULL,14PSU0043N,33 3121 8010,3335401637,NULL,https://univer.com.mx/,Universidad Univer,2022/03/14 17:09
293,191,602,4,notificaciones@univer-gdl.edu.mx,NULL,NULL,14PSU004420,33 3121 8010,3335401637,NULL,https://univer.com.mx/,Universidad Univer,2022/03/14 17:11,2022/06/22 10:05
294,7,604,4,charlylopez7684@gmail.com,NULL,NULL,NULL,336583886,3310256765,NULL,https://cuazteca.edu.mx,NULL,2022/03/14 23:34,2023/05/03 14:13
295,193,605,1,proyectos@cimemoda.edu.mx,marthaptrujillo@gmail.com,gisellekitty@hotmail.com,14PSU0113S,33 1382 2718,NULL,NULL,https://cimemoda.edu.mx/,NULL,2022/03/15 12:18,2022/04/04 20:52
296,66,610,1,informes@immae.net,abelardoguzman@mac.com,veronica.gonzalez@immae.net,14PSU0222Z,33 3641 4685,33 2495 2795,NULL,https://www.immae.net,Facebook: Immae,2022/03/24 13:33,2023/06/27 13:24,
297,72,613,2,direccion@cantares.com.mx,control.escolar@cantares.com.mx,cantaresrp@hotmail.com,14PSU0356O,3339567204,3331703881,3333672019,https://cantares.com.mx/site/,"Facebook: Cantares Academias de Música y Canto; Instragram: cantaresacademias; Youtube: CantaresAcademias",2022/05/09 12:14,2022/11/03 20:34
298,146,614,4,joel.duran@jalisco.gob.mx,NULL,NULL,123124234,3322743698,NULL,NULL,https://sicyt.jalisco.gob.mx/,NULL,2022/05/18 15:57,2022/05/18 15:58,2022/05/18 16:02
299,3,616,4,NULL,NULL,NULL,14PSU0066Y,NULL,NULL,NULL,NULL,NULL,2022/05/27 13:47,2022/05/27 16:14
300,3,617,4,ggchalita@universidad-une.com,edelacruz@universidad-une.com,NULL,14PSU0221Z,3380000863,3318635560,NULL,NULL,NULL,2022/05/30 17:22,2022/06/23 16:51
301,162,618,1,isabelpulido@univag.edu.mx,alex_michels@hotmail.com,escolar.univag@gmail.com,14PSU0054T,3173823157,NULL,NULL,http://www.univag.com.mx/,"Facebook: Universidad del Valle la Grana; Instagram: univagautlan",2022/06/09 15:14,2023/05/25 17:59
302,162,620,4,isabelpulido@univag.edu.mx,NULL,NULL,14PSU0212S,3173823157,NULL,NULL,NULL,NULL,2022/06/09 17:18,2023/07/17 21:23
303,188,622,4,manuelc@instituto-transgeneracional.edu.mx,NULL,NULL,14PSU0111U,3333426826,NULL,NULL,https://instituto-transgeneracional.edu.mx/,"https://www.facebook.com/Instituto-de-Psicoterapia-Transgeneracional-809216995851318/; https://twitter.com/ComunidadIPT; https://www.instagram.com/institutotransgeneracional/",2022/06/20 12:26,2023/01/24 11:11
304,185,624,2,diana.alvarez@era21.com,equinonez@hotmail.com,ucvaldez@hotmail.com,14PSU0267V,3336580834,NULL,NULL,NULL,NULL,2022/06/25 10:50,2022/11/02 16:56,2022/11/11 15:08
305,183,625,4,NULL,NULL,NULL,En tramite,35-50-21-74,3313119578,3313022107,NULL,NULL,2022/07/07 17:24,1900/01/01 00:00,2022/07/07 17:25
306,146,627,2,idtdirgeneral@indetec.gob.mx,NULL,NULL,14NSU0002P,3336695550,NULL,NULL,https://www.indetec.gob.mx/,"Facebook: @IndetecMX; Twitter:  @indetec_mx; Instagram: @indetec_mx",2022/07/15 15:29,2022/08/16 14:47
307,3,628,1,ggchalita@universidad-une.com,edelacruz@universidad-une.com,lpbautista@universidad-une.com,NULL,338000 863,338000 828,338000 833,https://universidad-une.com/,"Facebook.com/UniversidadUNE; Instagram: une_universidad_; Twitter: @universidadune",2022/07/15 18:32,2023/09/05 18:17
308,2,631,4,direccion.academica@unedl.edu.mx,ces90@unedl.edu.mx,direccion.controlescolar@unedl.edu.mx,14PSU0326U,3338273000,NULL,NULL,https://www.unedl.edu.mx,"UNEDL Universidad",2022/07/28 17:30,2022/11/10 10:35
309,176,636,2,omar.rubalcava@esh.edu.mx,omarrn01@gmail.com,yolynolascoesh@live.com.mx,14PSU0095T,3335605306,3313790791,3314173582,https://www.esh.edu.mx/,"Facebook: @EscuelaSuperiorHomeopatia; Twitter: @eshedu1; Instagram: @escuelasuperiordehomeopatia",2022/08/13 12:39,2023/02/25 15:33
310,176,637,2,omar.rubalcava@esh.edu.mx,omarrn01@gmail.com,yolynolascoesh@live.com.mx,14PSU0095T,3335605306,3313790791,3314173582,https://www.esh.edu.mx/,"Facebook: @EscuelaSuperiorHomeopatia; Twitter: @eshedu1; Instagram: @escuelasuperiordehomeopatia",2022/08/13 12:43,2023/05/30 21:09
311,176,638,4,omar.rubalcava@esh.edu.mx,omarrn01@gmail.com,yolynolascoesh@live.com.mx,14PSU0095T,335605306,3313790791,3314173582,https://www.esh.edu.mx/,"Facebook: @EscuelaSuperiorHomeopatia; Twitter: @eshedu1; Instagram: @escuelasuperiordehomeopatia",2022/08/13 12:45
312,194,750,2,Institutozapopan9@gmail.com,Institutozapopan9@gmail.com,Institutozapopan9@gmail.com,14PSU0118N,3311824357,NULL,NULL,http://institutozapopan-mediaysuperior.com.mx,"Instituto zapopan oficial""""""",2022/09/08 21:34,2023/09/04 19:03
313,34,642,1,nancy.mora@jalisco.gob.mx,nancy.mora@jalisco.gob.mx,nancy.mora@jalisco.gob.mx,15052,3329550734,NULL,NULL,https://sicyt.jalisco.gob.mx/tramite-de-revalidacion-parcial-de-estudio-de-educacion-superior,facebook,2022/09/15 16:19,2023/01/31 10:43
314,168,643,2,hernandezgregorio@hotmail.com,controlescolaripesuj@gmail.com,aulavirtualmex.com,14PSU0215P,3338531052,3319977539,NULL,http:www.aulavirtualmex.com,"Facebook: Instituto Pedagogico",2022/09/20 11:55,2023/08/28 15:04
315,168,644,4,hernandezgregorio@hotmail.com,controlescolaripesuj@gmail.com,NULL,14PSU0215P,33531052,3319977539,NULL,http:www.aulavirtualmex.com,aulavitualmx,2022/09/22 13:05,1900/01/01 00:00,2022/09/22 13:07
316,185,664,4,diana.alvarez@era21.com,equinoñez@hotmail.com,ucvaldez@hotmail.com,14PSU0267V,3336580834,NULL,NULL,NULL,NULL,2022/11/02 09:13,2022/11/06 10:47,2022/11/11 15:08
317,185,665,4,diana.alvarez@era21.com,equinonez@hotmail.com,ucvaldez@hotmail.com,14PSU0267V,3336580834,NULL,NULL,NULL,NULL,2022/11/02 09:23,2022/11/05 15:31,2022/11/11 15:08
318,185,666,4,diana.alvarez@era21.com,equinonez@hotmail.com,ucvaldez@hotmail.com,14PSU0267V,3336580834,NULL,NULL,NULL,NULL,2022/11/02 17:06,1900/01/01 00:00,2022/11/11 15:08
319,185,667,4,diana.alvarez@era21.com,equinonez@hotmail.com,ucvaldez@hotmail.com,14PSU0267V,3336580834,NULL,NULL,NULL,NULL,2022/11/02 17:11,1900/01/01 00:00,2022/11/11 15:08
320,86,670,4,uniazteca@hotmail.com,charlylopez7684@gmail.com,NULL,14PSU0433C,(33) 3658-3886,NULL,NULL,https://cuazteca.edu.mx/new/,https://www.facebook.com/universidadaztecadeguadalajara,2022/11/10 14:31,2023/04/20 19:02
321,56,694,4,rector@unisan.edu.mx,lgheredia@unisant.edu.mx,NULL,14PSU0280P,NULL,NULL,NULL,NULL,NULL,2022/12/28 09:36,2023/04/22 12:05
322,56,695,4,enriquenn@gmail.com,agracia@unisan.edu.mx,jandrade@unisan.edu.mx,14PSU0285K,NULL,NULL,NULL,NULL,NULL,2022/12/28 12:54,2022/12/28 16:31
323,56,696,4,enriquenn@gmail.com,agracia@unisan.edu.mx,jandrade@unisan.edu.mx,14PSU0281O,NULL,NULL,NULL,NULL,NULL,2022/12/28 17:08,2023/04/21 18:38
324,90,697,4,abitia@feciar.org,alvaroabiti@icloud.com,controlescolar@feciar.org,NULL,3311266372,3311270586,3315275018,https://www.avenet.mx/,IG: ave_somos ,2023/01/09 15:43,2023/01/17 11:42
325,173,701,4,enlace_itac@hotmail.com,omarojedau@hotmail.com,itac_gdl@hotmail.com,NULL,3338260056,3336580437,3336148739,https://www.itac.mx/,"ITAC escuela de aviación; ITAC escuela_de_aviacion_itac ",2023/01/26 12:20,1900/01/01 00:00,2023/01/26 12:21
326,175,702,2,utebmaster.ac@gmail.com,anaraya102@gmail.com,utebmaster.ac@gmail.com,14PSU0100O,33-31-21-64-28,33-36-15-72-58,33-36-15-77-57,http://utebmaster.com/,https://www.facebook.com/utebmaster/,2023/02/01 14:32,2023/08/21 17:47
327,3,703,1,ggchalita@universidad-une.com,edelacruz@universidad-une.com,lpbautista@universidad-une.com,.,338000 863,NULL,NULL,https://universidad-une.com/,Universidad UNE,2023/02/02 16:07,2023/09/05 18:43
328,196,705,4,info@escueladeimagenymaquillaje.com,khoolescuela@gmail.com,vestirconarte@gmail.com,NULL,3336403673,3312605439,NULL,https://escueladeimagenymaquillaje.com/," Facebook:  escueladeimagenymaquillaje; Twiterr:  escueladeimagenymaquillaje",2023/02/16 12:49,2023/08/22 17:27
329,197,706,2,direccion.juridica@cedhj.org.mx,lacn2004@hotmail.com,NULL,N/A,3336691101,3316055823,NULL,https://cedhj.org.mx/,"FB: CEDHJOficial; Twitter: QCEDHJ; Instagram: cedhjalisco",2023/02/16 13:46,2023/08/01 14:53
330,197,707,4,direccion.juridica@cedhj.org.mx,lacn2004@hotmail.com,NULL,N/A,3336691101,3316055823,NULL,https://cedhj.org.mx/,"FB: CEDHJOficial; Twitter:QCEDHJ; Instagram: cedhjalisco",2023/02/17 08:47,1900/01/01 00:00,2023/02/17 08:47
331,19,711,2,info@nordicouniversitario.mx,carlos.gar@hotmail.com,pedagogia@nordicouniversitario.mx,NULL,33 36 98 30,NULL,NULL,https://nordicouniversitario.mx/,"FACEBOOK: INSTITUTO NÓRDICO; INSTAGRAM: INSTITUTO NÓRDICO UNIVERSITARIO",2023/02/23 15:16,2023/02/28 22:56
332,19,713,2,info@nordicouniversitario.mx,carlos.gar@hotmail.com,pedagogia@nordicouniversitario.mx,NULL,33 36 98 30,NULL,NULL,https://nordicouniversitario.mx/,"FACEBOOK: INSTITUTO NÓRDICO; INSTAGRAM: INSTITUTO NÓRDICO UNIVERSITARIO ",2023/02/25 17:01,2023/02/28 23:18
333,198,714,3,direccion@amidi.mx,juanmejiatrejo@gmail.com,juanmejiatrejo@hotmail.com,NULL,33-1280-9887,33-3560-7860,NULL,https://amidi.mx/nosotros,"FACEBOOK: https://www.facebook.com/amidi.mx",2023/03/07 00:53,2023/07/11 15:23
334,179,716,4,serviciosescolares@iessh.com,extensioniessh@gmail.com,iesshcontrolescolar@gmail.com,14PSU0109F,3330612742,3323950478,NULL,https://iessh.com/,IESSH Homeopatia,2023/04/22 16:07,2023/06/01 13:10
335,177,719,4,academico.tecpatl@yahoo.com,escolar.tecpatl@gmail.com,berthadeanda3@hotmail.com,14PSU0098Q,NULL,NULL,NULL,NULL,NULL,2023/05/17 18:05,2023/06/16 12:25
336,66,721,4,veronica.gonzalez@immae.net,veronica@pratt.mx,jonathan@pratt.mx,NULL,3336414685,3336417389,3324952795,http://www.immae.net/,Facebook: @Immae,2023/05/18 14:36,2023/06/07 12:35
337,199,725,2,escolar.educatum@hotmail.com,NULL,NULL,NULL,3326964871,NULL,NULL,NULL,"Facebook: Instituto Educatum Ciencia y Salud; Tiktok: @liceoeducatum",2023/06/04 11:51,2023/09/15 14:09
338,27,726,4,cappza@hotmail.com,rodrigo.cano.guzman@gmail.com,claudia.delfin21@gmail.com,14PSU0299N,3414131355,NULL,NULL,http://cappza.com/centroeducativosuperior/,Centro Educativo Superior de Zapotlán (CESZ),2023/06/05 12:30,2023/06/05 12:31
339,168,732,4,controlescolaripesuj@gmail.com,hernandezgregorio@hotmail.com,NULL,14PSU0215P,3338531051,3338542208,NULL,https://aulavirtualmex.com/,Instituto Pedagógico Estudios Superiores de Jalisco,2023/06/20 12:35,2023/08/28 15:07
340,45,733,4,coordinacionacademica@colegiogastronomico.com,andreatamen@gmail.com,control.escolar@colegiogastronomico.com,14PSU0129T,3336300795,3336300794,NULL,https://www.colegiogastronomico.com/,"Facebook: CGastronomico in; Instagram: cgastronomicoin",2023/06/28 15:44,2023/07/07 14:36
341,200,738,4,instituto.hac@gmail.com,instituto.hac@gmail.com,instituto.hac@gmail.com,3434567,3314667002,NULL,NULL,NULL,vnnn,2023/07/19 17:58,2023/07/26 21:39,2023/07/26 20:11
342,201,739,1,adriana.sigala@educare.edu.mx,benjamin.godinez@educare.edu.mx,adriana.sigalac@hotmail.es,NULL,33 37778837,3338311407,3314580875,https://www.educare.edu.mx/,Universidad Educar+e,2023/07/25 13:34,2023/09/12 11:50
343,200,740,4,instituto.hac@gmail.com,instituto.hac@gmail.com,instituto.hac@gmail.com,3434567,3314667002,3334698206,3319839360,https://institutohac.wixsite.com/ihac,"Twitwer: @instituto_hac; Facebook Instituto Hannah Arendt Center; Instagram instituto_hac",2023/07/26 20:09,2023/07/26 21:37
344,134,742,4,NULL,NULL,NULL,NULL,3314944808,3330754188,452137168,NULL,NULL,2023/07/28 19:44,1900/01/01 00:00,2023/07/28 19:48
345,202,744,2,contacto@liceojaimesabines.com,CUJS@liceojaimesabines.edu.mx,liceojsabines@gmail.com,NULL,3332716317,NULL,NULL,NULL,NULL,2023/08/14 17:51,2023/09/14 18:37
346,56,745,4,enriquenn@gmail.com,agracia@unisan.edu.mx,jandrade@unisan.edu.mx,14PSU0229S,NULL,NULL,NULL,NULL,NULL,2023/08/18 11:51,2023/09/11 18:04
347,3,746,4,ggchalita@universidad-une.com,edelacruz@universidad-une.com,lpbautista@universidad-une.com,NULL,33 80000 863,NULL,NULL,NULL,NULL,2023/08/23 11:09,2023/09/04 13:22
